Annual Income ($),Spending Score (1-100),Cluster,Segment
0.0789581732237043,0.39,0,Budget Moderates
0.1842357375219767,0.81,7,High-Engagement Budget
0.4526935264825713,0.06,5,Budget-Conscious
0.3105688146799035,0.77,7,High-Engagement Budget
0.2000273721667175,0.4,0,Budget Moderates
0.3053049364649899,0.76,7,High-Engagement Budget
0.1631802246623222,0.06,5,Budget-Conscious
0.442165770052744,0.94,4,Active Spenders
0.5105961868466211,0.03,5,Budget-Conscious
0.5158600650615347,0.72,4,Active Spenders
0.0368471475043953,0.14,0,Budget Moderates
0.4895406739869666,0.99,4,Active Spenders
0.4211102571930896,0.15,5,Budget-Conscious
0.4790129175571394,0.77,4,Active Spenders
0.1000136860833587,0.13,5,Budget-Conscious
0.2684577889605946,0.79,7,High-Engagement Budget
0.1526524682324949,0.35,0,Budget Moderates
0.4684851611273121,0.66,1,Mid-Market Moderates
0.1052775642982724,0.29,0,Budget Moderates
0.3263604493246444,0.98,7,High-Engagement Budget
0.5053323086317075,0.35,1,Mid-Market Moderates
0.0210555128596544,0.73,7,High-Engagement Budget
0.221082885026372,0.05,5,Budget-Conscious
0.373735353258867,0.73,7,High-Engagement Budget
0.3526798403992125,0.14,5,Budget-Conscious
0.2737216671755082,0.8200000000000001,7,High-Engagement Budget
0.3579437186141261,0.32,0,Budget Moderates
0.4105825007632623,0.61,1,Mid-Market Moderates
0.0947498078684451,0.31,0,Budget Moderates
0.1052775642982724,0.87,7,High-Engagement Budget
0.2052912503816311,0.04,5,Budget-Conscious
0.178971859307063,0.73,7,High-Engagement Budget
0.3105688146799035,0.04,5,Budget-Conscious
0.3263604493246444,0.92,7,High-Engagement Budget
0.4790129175571394,0.14,5,Budget-Conscious
0.5000684304167938,0.81,4,Active Spenders
0.0736942950087906,0.17,0,Budget Moderates
0.3263604493246444,0.73,7,High-Engagement Budget
0.0473749039342225,0.26,0,Budget Moderates
0.3632075968290397,0.75,7,High-Engagement Budget
0.1315969553728405,0.35,0,Budget Moderates
0.4474296482676577,0.92,4,Active Spenders
0.1158053207280996,0.36,0,Budget Moderates
0.1737079810921494,0.61,0,Budget Moderates
0.3789992314737806,0.28,5,Budget-Conscious
0.0157916346447408,0.65,0,Budget Moderates
0.2737216671755082,0.55,0,Budget Moderates
0.373735353258867,0.47,0,Budget Moderates
0.4105825007632623,0.42,1,Mid-Market Moderates
0.1315969553728405,0.42,0,Budget Moderates
0.4632212829123985,0.52,1,Mid-Market Moderates
0.5105961868466211,0.6,1,Mid-Market Moderates
0.3895269879036078,0.54,1,Mid-Market Moderates
0.3579437186141261,0.6,1,Mid-Market Moderates
0.0947498078684451,0.45,0,Budget Moderates
0.5000684304167938,0.41,1,Mid-Market Moderates
0.373735353258867,0.5,1,Mid-Market Moderates
0.0421110257193089,0.46,0,Budget Moderates
0.3000410582500763,0.51,0,Budget Moderates
0.4684851611273121,0.46,1,Mid-Market Moderates
0.442165770052744,0.56,1,Mid-Market Moderates
0.263193910745681,0.55,0,Budget Moderates
0.263193910745681,0.52,0,Budget Moderates
0.2526661543158537,0.59,0,Budget Moderates
0.331624327539558,0.51,0,Budget Moderates
0.0473749039342225,0.59,0,Budget Moderates
0.0157916346447408,0.5,0,Budget Moderates
0.4316380136229168,0.48,1,Mid-Market Moderates
0.4263741354080032,0.59,1,Mid-Market Moderates
0.5105961868466211,0.47,1,Mid-Market Moderates
0.4790129175571394,0.55,1,Mid-Market Moderates
0.0473749039342225,0.42,0,Budget Moderates
0.2316106414561992,0.49,0,Budget Moderates
0.0526387821491362,0.56,0,Budget Moderates
0.4684851611273121,0.47,1,Mid-Market Moderates
0.2579300325307673,0.54,0,Budget Moderates
0.3526798403992125,0.53,0,Budget Moderates
0.5211239432764483,0.48,1,Mid-Market Moderates
0.5105961868466211,0.52,1,Mid-Market Moderates
0.5158600650615347,0.42,1,Mid-Market Moderates
0.2737216671755082,0.51,0,Budget Moderates
0.3210965711097308,0.55,0,Budget Moderates
0.6316653857896344,0.41,1,Mid-Market Moderates
0.178971859307063,0.44,0,Budget Moderates
0.1263330771579268,0.5700000000000001,0,Budget Moderates
0.1631802246623222,0.46,0,Budget Moderates
0.0579026603640498,0.58,0,Budget Moderates
0.2895133018202491,0.55,0,Budget Moderates
0.4000547443334351,0.6,1,Mid-Market Moderates
0.2947771800351627,0.46,0,Budget Moderates
0.2421383978860265,0.55,0,Budget Moderates
0.1894996157368903,0.41,0,Budget Moderates
0.4632212829123985,0.49,1,Mid-Market Moderates
0.1631802246623222,0.4,0,Budget Moderates
0.1263330771579268,0.42,0,Budget Moderates
0.4211102571930896,0.52,1,Mid-Market Moderates
0.0105277564298272,0.47,0,Budget Moderates
0.3526798403992125,0.5,0,Budget Moderates
0.3053049364649899,0.42,0,Budget Moderates
0.4211102571930896,0.49,1,Mid-Market Moderates
0.3421520839693853,0.41,0,Budget Moderates
0.0210555128596544,0.48,0,Budget Moderates
0.5158600650615347,0.59,1,Mid-Market Moderates
0.2737216671755082,0.55,0,Budget Moderates
0.4526935264825713,0.56,1,Mid-Market Moderates
0.4316380136229168,0.42,1,Mid-Market Moderates
0.2263467632412856,0.5,0,Budget Moderates
0.4105825007632623,0.46,1,Mid-Market Moderates
0.068430416793877,0.43,0,Budget Moderates
0.068430416793877,0.48,0,Budget Moderates
0.178971859307063,0.52,0,Budget Moderates
0.1315969553728405,0.54,0,Budget Moderates
0.373735353258867,0.42,0,Budget Moderates
0.0105277564298272,0.46,0,Budget Moderates
0.5105961868466211,0.48,1,Mid-Market Moderates
0.2684577889605946,0.5,0,Budget Moderates
0.0473749039342225,0.43,0,Budget Moderates
0.4158463789781759,0.59,1,Mid-Market Moderates
0.442165770052744,0.43,1,Mid-Market Moderates
0.4579574046974849,0.5700000000000001,1,Mid-Market Moderates
0.1894996157368903,0.56,0,Budget Moderates
0.263193910745681,0.4,0,Budget Moderates
0.5105961868466211,0.58,1,Mid-Market Moderates
0.0315832692894817,0.91,7,High-Engagement Budget
0.0631665385789634,0.29,0,Budget Moderates
0.2421383978860265,0.77,7,High-Engagement Budget
0.4684851611273121,0.35,1,Mid-Market Moderates
0.0210555128596544,0.95,7,High-Engagement Budget
0.2000273721667175,0.11,5,Budget-Conscious
0.3368882057544716,0.75,7,High-Engagement Budget
0.3474159621842989,0.09,5,Budget-Conscious
0.1368608335877541,0.75,7,High-Engagement Budget
0.2158190068114584,0.34,0,Budget Moderates
0.2368745196711129,0.71,7,High-Engagement Budget
0.4684851611273121,0.05,5,Budget-Conscious
0.484276795772053,0.88,4,Active Spenders
0.4000547443334351,0.07,5,Budget-Conscious
0.4474296482676577,0.73,7,High-Engagement Budget
0.1158053207280996,0.1,5,Budget-Conscious
0.0789581732237043,0.72,7,High-Engagement Budget
0.1684441028772358,0.05,5,Budget-Conscious
0.3474159621842989,0.93,7,High-Engagement Budget
0.3263604493246444,0.4,0,Budget Moderates
0.4474296482676577,0.87,4,Active Spenders
0.373735353258867,0.12,5,Budget-Conscious
0.1368608335877541,0.97,7,High-Engagement Budget
0.2737216671755082,0.36,0,Budget Moderates
0.2000273721667175,0.74,7,High-Engagement Budget
0.2684577889605946,0.22,5,Budget-Conscious
0.4737490393422258,0.9,4,Active Spenders
0.1579163464474086,0.17,5,Budget-Conscious
0.2158190068114584,0.88,7,High-Engagement Budget
0.0894859296535315,0.2,0,Budget Moderates
0.484276795772053,0.76,4,Active Spenders
0.4211102571930896,0.16,5,Budget-Conscious
0.0526387821491362,0.89,7,High-Engagement Budget
0.0842220514386179,0.01,5,Budget-Conscious
0.4579574046974849,0.78,4,Active Spenders
0.3474159621842989,0.01,5,Budget-Conscious
0.4526935264825713,0.73,7,High-Engagement Budget
0.0473749039342225,0.35,0,Budget Moderates
0.263193910745681,0.8300000000000001,7,High-Engagement Budget
0.1842357375219767,0.05,5,Budget-Conscious
0.3053049364649899,0.93,7,High-Engagement Budget
0.2474022761009401,0.26,0,Budget Moderates
0.2842494236053354,0.75,7,High-Engagement Budget
0.4158463789781759,0.2,5,Budget-Conscious
0.4369018918378304,0.95,4,Active Spenders
0.3000410582500763,0.27,5,Budget-Conscious
0.0,0.63,0,Budget Moderates
0.3632075968290397,0.13,5,Budget-Conscious
0.0210555128596544,0.75,7,High-Engagement Budget
0.4158463789781759,0.1,5,Budget-Conscious
0.5211239432764483,0.92,4,Active Spenders
0.1052775642982724,0.13,5,Budget-Conscious
0.1473885900175813,0.86,7,High-Engagement Budget
0.1526524682324949,0.15,5,Budget-Conscious
0.2368745196711129,0.6900000000000001,7,High-Engagement Budget
0.4526935264825713,0.14,5,Budget-Conscious
0.221082885026372,0.9,7,High-Engagement Budget
0.3105688146799035,0.32,0,Budget Moderates
0.3210965711097308,0.86,7,High-Engagement Budget
0.0579026603640498,0.15,0,Budget Moderates
0.3474159621842989,0.88,7,High-Engagement Budget
0.2052912503816311,0.39,0,Budget Moderates
0.3789992314737806,0.97,7,High-Engagement Budget
0.0736942950087906,0.24,0,Budget Moderates
0.2316106414561992,0.68,7,High-Engagement Budget
0.4000547443334351,0.17,5,Budget-Conscious
0.5000684304167938,0.85,4,Active Spenders
0.484276795772053,0.23,5,Budget-Conscious
0.5158600650615347,0.6900000000000001,4,Active Spenders
0.5053323086317075,0.08,5,Budget-Conscious
0.2368745196711129,0.91,7,High-Engagement Budget
0.0421110257193089,0.16,0,Budget Moderates
0.2421383978860265,0.79,7,High-Engagement Budget
0.4105825007632623,0.28,5,Budget-Conscious
0.0210555128596544,0.74,7,High-Engagement Budget
0.4263741354080032,0.18,5,Budget-Conscious
0.1737079810921494,0.8300000000000001,7,High-Engagement Budget
0.2105551285965448,0.1,5,Budget-Conscious
0.4474296482676577,0.16,5,Budget-Conscious
0.3158326928948172,0.0,5,Budget-Conscious
0.3158326928948172,0.39,0,Budget Moderates
0.331624327539558,0.59,0,Budget Moderates
0.0526387821491362,0.52,0,Budget Moderates
0.2895133018202491,0.61,0,Budget Moderates
0.4895406739869666,0.12,5,Budget-Conscious
0.0789581732237043,0.07,5,Budget-Conscious
0.2052912503816311,0.33,0,Budget Moderates
0.3000410582500763,0.93,7,High-Engagement Budget
0.1158053207280996,0.92,7,High-Engagement Budget
0.0631665385789634,0.7000000000000001,7,High-Engagement Budget
0.263193910745681,0.8200000000000001,7,High-Engagement Budget
0.5000684304167938,0.68,4,Active Spenders
0.3474159621842989,0.7000000000000001,7,High-Engagement Budget
0.1052775642982724,0.4,0,Budget Moderates
0.1842357375219767,0.99,7,High-Engagement Budget
0.373735353258867,0.34,0,Budget Moderates
0.4000547443334351,0.61,1,Mid-Market Moderates
0.442165770052744,0.33,5,Budget-Conscious
0.3789992314737806,0.51,1,Mid-Market Moderates
0.1737079810921494,0.55,0,Budget Moderates
0.4895406739869666,0.37,1,Mid-Market Moderates
0.4369018918378304,0.48,1,Mid-Market Moderates
0.1210691989430132,0.08,5,Budget-Conscious
0.2105551285965448,0.77,7,High-Engagement Budget
0.4684851611273121,0.86,4,Active Spenders
0.1737079810921494,0.64,7,High-Engagement Budget
0.4948045522018802,0.3,5,Budget-Conscious
0.4895406739869666,0.53,1,Mid-Market Moderates
0.0368471475043953,0.28,0,Budget Moderates
0.0947498078684451,0.88,7,High-Engagement Budget
0.0157916346447408,0.14,0,Budget Moderates
0.442165770052744,0.54,1,Mid-Market Moderates
0.3263604493246444,0.34,0,Budget Moderates
0.0473749039342225,0.96,7,High-Engagement Budget
0.1894996157368903,0.35,0,Budget Moderates
0.1947634939518039,0.74,7,High-Engagement Budget
0.263193910745681,0.11,5,Budget-Conscious
0.4369018918378304,0.16,5,Budget-Conscious
0.4158463789781759,0.17,5,Budget-Conscious
0.2105551285965448,0.14,5,Budget-Conscious
0.2474022761009401,0.58,0,Budget Moderates
0.0210555128596544,0.2,0,Budget Moderates
0.2000273721667175,0.75,7,High-Engagement Budget
0.0,0.96,7,High-Engagement Budget
0.0368471475043953,0.16,0,Budget Moderates
0.2158190068114584,0.02,5,Budget-Conscious
0.3421520839693853,0.0,5,Budget-Conscious
0.1052775642982724,0.93,7,High-Engagement Budget
0.2316106414561992,0.65,7,High-Engagement Budget
0.0157916346447408,0.14,0,Budget Moderates
0.3789992314737806,0.13,5,Budget-Conscious
0.1421247118026677,0.32,0,Budget Moderates
0.4474296482676577,0.49,1,Mid-Market Moderates
0.2000273721667175,0.18,5,Budget-Conscious
0.3842631096886942,0.96,7,High-Engagement Budget
0.3368882057544716,0.64,7,High-Engagement Budget
0.1368608335877541,0.6,0,Budget Moderates
0.2474022761009401,0.16,5,Budget-Conscious
0.1842357375219767,0.85,7,High-Engagement Budget
0.1631802246623222,0.24,0,Budget Moderates
0.068430416793877,0.38,0,Budget Moderates
0.4158463789781759,0.1,5,Budget-Conscious
0.4316380136229168,0.39,1,Mid-Market Moderates
0.1473885900175813,0.68,7,High-Engagement Budget
0.1894996157368903,0.79,7,High-Engagement Budget
0.0421110257193089,0.76,7,High-Engagement Budget
0.4632212829123985,0.39,1,Mid-Market Moderates
0.4790129175571394,0.36,1,Mid-Market Moderates
0.0631665385789634,0.8200000000000001,7,High-Engagement Budget
0.0052638782149136,0.76,7,High-Engagement Budget
0.7527345847326476,0.99,6,Premium Customers
0.0947498078684451,0.5700000000000001,0,Budget Moderates
0.3421520839693853,0.89,7,High-Engagement Budget
0.0473749039342225,0.88,7,High-Engagement Budget
0.5000684304167938,0.21,5,Budget-Conscious
0.4105825007632623,0.12,5,Budget-Conscious
0.2526661543158537,0.73,7,High-Engagement Budget
0.331624327539558,0.87,7,High-Engagement Budget
0.4474296482676577,0.63,1,Mid-Market Moderates
0.2263467632412856,0.58,0,Budget Moderates
0.3895269879036078,0.2,5,Budget-Conscious
0.3526798403992125,0.11,5,Budget-Conscious
0.3105688146799035,0.4,0,Budget Moderates
0.7369429500879068,0.84,6,Premium Customers
0.1631802246623222,0.47,0,Budget Moderates
0.0263193910745681,0.91,7,High-Engagement Budget
0.1000136860833587,0.58,0,Budget Moderates
0.1421247118026677,0.62,0,Budget Moderates
0.3579437186141261,0.8,7,High-Engagement Budget
0.2000273721667175,0.66,7,High-Engagement Budget
0.263193910745681,0.36,0,Budget Moderates
0.4211102571930896,0.73,7,High-Engagement Budget
0.3632075968290397,0.43,0,Budget Moderates
0.1631802246623222,0.91,7,High-Engagement Budget
0.4579574046974849,0.41,1,Mid-Market Moderates
0.4158463789781759,0.16,5,Budget-Conscious
0.1684441028772358,0.86,7,High-Engagement Budget
0.8095160390369208,1.0,6,Premium Customers
0.5045479907776853,0.16,5,Budget-Conscious
0.7633412993356985,0.73,6,Premium Customers
0.7818912061650541,0.07,2,High-Income Savers
0.6175529282954509,0.21,2,High-Income Savers
0.9487772010906756,0.26,2,High-Income Savers
0.8688136271279228,0.12,2,High-Income Savers
0.6342288944802973,0.14,2,High-Income Savers
0.5935864907829492,0.8300000000000001,4,Active Spenders
0.8237337740954025,0.65,3,Affluent Moderates
0.5135544864034025,0.15,5,Budget-Conscious
0.4079558255340204,0.3,5,Budget-Conscious
0.622727320580711,1.0,4,Active Spenders
0.3383463000200027,0.09,5,Budget-Conscious
0.2838651604956467,0.77,7,High-Engagement Budget
0.494388705822902,0.93,4,Active Spenders
0.6950740627664838,0.08,2,High-Income Savers
0.9644319749018286,0.91,6,Premium Customers
0.9629580890016528,0.44,3,Affluent Moderates
0.3593754934885826,0.56,0,Budget Moderates
0.3676345184077821,0.21,5,Budget-Conscious
0.363618179329803,0.6,1,Mid-Market Moderates
0.5825376104098455,1.0,4,Active Spenders
0.5025371892995883,0.94,4,Active Spenders
0.5414477770642299,0.4,1,Mid-Market Moderates
0.7029961994799288,0.07,2,High-Income Savers
0.3399886300230558,0.9,7,High-Engagement Budget
0.8040837167191299,0.39,3,Affluent Moderates
0.4859243896533209,0.58,1,Mid-Market Moderates
0.5207133607756851,0.02,5,Budget-Conscious
0.8729931464305641,0.33,3,Affluent Moderates
0.4932938191542,0.62,1,Mid-Market Moderates
0.7245254613789255,0.67,6,Premium Customers
0.914561992693737,0.96,6,Premium Customers
0.611273121585059,0.58,1,Mid-Market Moderates
0.5908492741111941,0.3,1,Mid-Market Moderates
0.3652289260635666,0.75,7,High-Engagement Budget
0.4028393359091244,0.62,1,Mid-Market Moderates
0.6516891785191657,0.28,2,High-Income Savers
0.3594807710528809,0.55,0,Budget Moderates
0.9116247486498152,0.99,6,Premium Customers
0.747649678377041,0.8200000000000001,6,Premium Customers
0.568188278395991,0.61,1,Mid-Market Moderates
0.7887395117226568,0.61,3,Affluent Moderates
0.7813227073178435,0.99,6,Premium Customers
0.6664017181298493,0.84,4,Active Spenders
0.3009885563287607,0.22,5,Budget-Conscious
0.9707960036636591,0.41,3,Affluent Moderates
0.7952930401002242,0.39,3,Affluent Moderates
0.8743670186446566,0.98,6,Premium Customers
0.3571541368818891,0.91,7,High-Engagement Budget
0.9127248991967322,0.04,2,High-Income Savers
0.3805941865728994,0.98,7,High-Engagement Budget
0.9567625043426996,0.35,3,Affluent Moderates
0.7730426268857843,0.75,6,Premium Customers
0.9102456125575078,0.2,2,High-Income Savers
0.6096149999473612,0.87,4,Active Spenders
0.970259088085738,0.51,3,Affluent Moderates
0.354537989409077,0.19,5,Budget-Conscious
0.8737985197974459,0.71,6,Premium Customers
0.8680872119342646,0.18,2,High-Income Savers
0.3335403792097866,0.61,7,High-Engagement Budget
0.9598787202459284,0.73,6,Premium Customers
0.7819175255561287,0.56,3,Affluent Moderates
0.3307452598776674,0.85,7,High-Engagement Budget
0.6349658374303851,0.72,4,Active Spenders
0.6890311305757629,0.3,2,High-Income Savers
0.5428637603040416,0.74,4,Active Spenders
0.5615557918451999,0.15,5,Budget-Conscious
0.4598155537073494,0.25,5,Budget-Conscious
0.4634634213102845,0.61,1,Mid-Market Moderates
0.5167443966016402,0.49,1,Mid-Market Moderates
0.9383652499815764,0.05,2,High-Income Savers
0.8802888816364344,0.92,6,Premium Customers
0.7394590838746354,0.43,3,Affluent Moderates
0.83851474412288,0.8300000000000001,6,Premium Customers
0.7582248097108025,0.78,6,Premium Customers
0.3821259751334393,0.64,7,High-Engagement Budget
0.9490140756103468,0.77,6,Premium Customers
0.8724035920704938,0.51,3,Affluent Moderates
0.9233210860433532,0.02,2,High-Income Savers
0.369529514565151,0.08,5,Budget-Conscious
0.4816606482992409,0.26,5,Budget-Conscious
0.971301335972291,0.43,3,Affluent Moderates
0.7556823565329992,0.8300000000000001,6,Premium Customers
0.6925895122490445,0.97,4,Active Spenders
0.7954983313506059,0.18,2,High-Income Savers
0.3550327939612789,0.05,5,Budget-Conscious
0.6182635518544642,0.08,2,High-Income Savers
0.4537620937601987,0.23,5,Budget-Conscious
0.7171033930958973,0.1,2,High-Income Savers
0.4692431595902597,0.01,5,Budget-Conscious
0.6270121174476507,0.3,2,High-Income Savers
0.860449324644425,0.31,2,High-Income Savers
0.7985092696895364,0.8200000000000001,6,Premium Customers
0.9724278059102824,0.52,3,Affluent Moderates
0.3706770400160021,0.6900000000000001,7,High-Engagement Budget
0.6269489509090718,0.41,1,Mid-Market Moderates
0.6893048522429385,0.28,2,High-Income Savers
0.7419436343920747,0.77,6,Premium Customers
0.4331382189141672,0.35,1,Mid-Market Moderates
0.4810605661827408,0.92,4,Active Spenders
0.9809710802530872,0.95,6,Premium Customers
0.942176297809174,0.46,3,Affluent Moderates
0.8755671828776569,0.45,3,Affluent Moderates
0.6310810953077789,0.11,2,High-Income Savers
0.3519007864234053,0.73,7,High-Engagement Budget
0.5468958910166655,0.36,1,Mid-Market Moderates
0.988351037510396,0.87,6,Premium Customers
0.5406897786012823,0.93,4,Active Spenders
0.5403213071262383,0.8300000000000001,4,Active Spenders
0.5978976070409635,0.31,1,Mid-Market Moderates
0.4553728404939623,0.88,4,Active Spenders
0.31108993862318,0.44,0,Budget Moderates
0.711086780296251,0.05,2,High-Income Savers
0.583606177687473,0.78,4,Active Spenders
0.9878562329581942,0.12,2,High-Income Savers
0.6559529198732458,0.25,2,High-Income Savers
0.8763936117573984,0.4,3,Affluent Moderates
0.909377072652047,0.6900000000000001,6,Premium Customers
0.6444566098518745,0.19,2,High-Income Savers
0.9661322075652458,0.96,6,Premium Customers
0.5078800256877257,0.34,1,Mid-Market Moderates
0.5926442565824797,0.71,4,Active Spenders
0.819438449472033,0.71,6,Premium Customers
0.3834577363218124,0.93,7,High-Engagement Budget
0.3784570520176445,0.32,5,Budget-Conscious
0.8342141556212955,0.5700000000000001,3,Affluent Moderates
0.4698063945592554,0.04,5,Budget-Conscious
0.9470295935233242,0.24,2,High-Income Savers
0.5872277258993336,0.85,4,Active Spenders
0.6717498183962015,0.78,4,Active Spenders
0.2635939654900144,0.32,0,Budget Moderates
0.4094191836777664,0.62,1,Mid-Market Moderates
0.8948540326571004,0.38,3,Affluent Moderates
0.5610294040237085,0.76,4,Active Spenders
0.4117563456051881,0.41,1,Mid-Market Moderates
0.7172507816859149,0.14,2,High-Income Savers
0.8074736542895343,0.93,6,Premium Customers
0.8572646783244022,0.91,6,Premium Customers
0.3020044848242391,0.29,0,Budget Moderates
0.7032646572688894,0.47,3,Affluent Moderates
0.3491109309695011,0.88,7,High-Engagement Budget
0.3619495299356754,0.16,5,Budget-Conscious
0.3724141198269237,0.86,7,High-Engagement Budget
0.3467527135292197,0.87,7,High-Engagement Budget
0.6105888174171202,0.24,2,High-Income Savers
0.3531904365860591,0.91,7,High-Engagement Budget
0.5686409719224735,0.64,1,Mid-Market Moderates
0.928279659321802,0.8,6,Premium Customers
0.4656005558655395,0.4,1,Mid-Market Moderates
0.6751766031141103,0.55,1,Mid-Market Moderates
0.8252550348995126,0.2,2,High-Income Savers
0.648688767936665,0.5,1,Mid-Market Moderates
0.3199911566845989,0.38,0,Budget Moderates
0.9545095644667164,0.99,6,Premium Customers
0.9859085980186764,0.07,2,High-Income Savers
0.8100318991019824,0.86,6,Premium Customers
0.2816174844978786,0.44,0,Budget Moderates
0.3655394948782465,0.28,5,Budget-Conscious
0.6530998978807626,0.56,1,Mid-Market Moderates
0.7148346615852695,0.29,2,High-Income Savers
0.6348079210839378,0.96,4,Active Spenders
0.4808973859580784,0.11,5,Budget-Conscious
0.2802015012580668,0.41,0,Budget Moderates
0.8229020813374461,0.31,2,High-Income Savers
0.979091875730363,0.8,6,Premium Customers
0.5882910292987461,0.53,1,Mid-Market Moderates
0.7575036583953594,0.12,2,High-Income Savers
0.9601840251823932,0.22,2,High-Income Savers
0.5182972406750397,0.46,1,Mid-Market Moderates
0.4935517491867308,0.28,5,Budget-Conscious
0.5505069114720962,0.5,1,Mid-Market Moderates
0.6885837009274953,0.92,4,Active Spenders
0.3116321180793161,0.92,7,High-Engagement Budget
0.4209418130902123,0.45,1,Mid-Market Moderates
0.5517807700001053,0.42,1,Mid-Market Moderates
0.9933938328402834,0.3,2,High-Income Savers
0.9871666649120404,0.66,3,Affluent Moderates
0.7054017918241443,0.85,4,Active Spenders
0.9285323254761176,0.71,6,Premium Customers
0.8153115689515407,0.43,3,Affluent Moderates
0.8191752555612873,0.81,6,Premium Customers
0.3280975291355659,0.6,0,Budget Moderates
0.593965490014423,0.34,1,Mid-Market Moderates
0.3067946139998105,0.59,0,Budget Moderates
0.4098297661785297,0.81,7,High-Engagement Budget
0.6581111099413604,0.25,2,High-Income Savers
0.7171612957562613,0.34,2,High-Income Savers
0.4312905976607325,0.81,7,High-Engagement Budget
0.6869940097065914,0.97,4,Active Spenders
0.7606409298114478,0.88,6,Premium Customers
0.3356722498868266,0.06,5,Budget-Conscious
0.3514165096276332,0.2,5,Budget-Conscious
0.7112289050080537,0.54,3,Affluent Moderates
0.9468506216640172,0.17,2,High-Income Savers
0.4913882952404013,0.65,1,Mid-Market Moderates
0.4450451114363017,0.96,4,Active Spenders
0.6407455757103604,0.03,2,High-Income Savers
0.3459578679187678,0.91,7,High-Engagement Budget
0.5095118279343489,0.96,4,Active Spenders
0.3808521166054302,0.61,1,Mid-Market Moderates
0.2794961415772684,0.21,5,Budget-Conscious
0.7623727457441545,0.17,2,High-Income Savers
0.967769273690084,0.1,2,High-Income Savers
0.5890069167359744,0.9,4,Active Spenders
0.3412256414035605,0.3,5,Budget-Conscious
0.4661953741038247,0.16,5,Budget-Conscious
0.5525703517323423,0.63,1,Mid-Market Moderates
0.8793834945834693,0.47,3,Affluent Moderates
0.3633023466369082,0.17,5,Budget-Conscious
0.9164885721203954,0.96,6,Premium Customers
0.3273395306726183,0.29,5,Budget-Conscious
0.9674113299714696,0.7000000000000001,6,Premium Customers
0.4409603419415288,0.01,5,Budget-Conscious
0.7800856959373388,0.91,6,Premium Customers
0.6934738437891501,0.87,4,Active Spenders
0.3156800404265846,0.94,7,High-Engagement Budget
0.4682746059987156,0.02,5,Budget-Conscious
0.7375061850569025,0.38,3,Affluent Moderates
0.8522008274816554,0.49,3,Affluent Moderates
0.3014728331245328,0.6,0,Budget Moderates
0.6314127196353185,0.02,2,High-Income Savers
0.8801046458989125,0.63,3,Affluent Moderates
0.9796919578468632,0.02,2,High-Income Savers
0.7089233263499215,0.59,3,Affluent Moderates
0.9500194763493952,0.74,6,Premium Customers
0.5936759767126027,0.21,5,Budget-Conscious
0.7909398128164906,0.17,2,High-Income Savers
0.6097255413898743,0.92,4,Active Spenders
0.5518334087822544,0.44,1,Mid-Market Moderates
0.8031151631275858,0.66,3,Affluent Moderates
0.8542590038636866,0.45,3,Affluent Moderates
0.9041289860717782,0.59,3,Affluent Moderates
0.4090507122027225,0.73,7,High-Engagement Budget
0.5003474159621842,0.17,5,Budget-Conscious
0.393843368039837,0.33,5,Budget-Conscious
0.8015149441502522,0.92,6,Premium Customers
0.3786044406076621,0.14,5,Budget-Conscious
0.7966353290450272,0.95,6,Premium Customers
0.8575963026519419,0.51,3,Affluent Moderates
0.274953414677798,0.3,0,Budget Moderates
0.5278143324876036,0.87,4,Active Spenders
0.8962594881404824,0.23,2,High-Income Savers
0.4672376219903776,0.01,5,Budget-Conscious
0.5651247012749113,0.26,5,Budget-Conscious
0.8673871161316812,0.8300000000000001,6,Premium Customers
0.8212492235779633,0.85,6,Premium Customers
0.983724088559487,0.4,3,Affluent Moderates
0.5227031067409225,0.88,4,Active Spenders
0.3059734489982839,0.65,7,High-Engagement Budget
0.4695958394306589,0.12,5,Budget-Conscious
0.7822491498836682,0.59,3,Affluent Moderates
0.7347952877762219,0.62,3,Affluent Moderates
0.9056555107541032,0.62,3,Affluent Moderates
0.3002147662311684,0.99,7,High-Engagement Budget
0.6190952446124206,0.63,1,Mid-Market Moderates
0.9755071746660068,0.96,6,Premium Customers
0.9821186057039384,0.05,2,High-Income Savers
0.7964142461600008,0.89,6,Premium Customers
0.6523261077831704,0.52,1,Mid-Market Moderates
0.8922063019149988,0.12,2,High-Income Savers
0.7521660858854369,0.25,2,High-Income Savers
0.3104582732373904,0.03,5,Budget-Conscious
0.7443966016402245,1.0,6,Premium Customers
0.5519386863465526,0.67,1,Mid-Market Moderates
0.949240422373588,0.14,2,High-Income Savers
0.9101034878457052,0.13,2,High-Income Savers
0.5340257087812016,0.8200000000000001,4,Active Spenders
1.0,0.37,3,Affluent Moderates
0.4741912051122785,0.65,1,Mid-Market Moderates
0.590854537989409,0.24,5,Budget-Conscious
0.9568414625159232,0.61,3,Affluent Moderates
0.311032035962816,0.31,0,Budget Moderates
0.3203385726467832,0.23,5,Budget-Conscious
0.7890553444155516,0.34,2,High-Income Savers
0.7515554760125069,0.98,6,Premium Customers
0.8558960699885247,0.84,6,Premium Customers
0.7695526756292966,0.89,6,Premium Customers
0.7120342783749355,0.53,3,Affluent Moderates
0.7160822007222041,0.01,2,High-Income Savers
0.5852958825944603,0.67,4,Active Spenders
0.7585827534294166,0.62,3,Affluent Moderates
0.9335961763188646,0.56,3,Affluent Moderates
0.5938602124501248,0.85,4,Active Spenders
0.2816648594018128,0.98,7,High-Engagement Budget
0.8857475233452998,0.75,6,Premium Customers
0.4567256571951951,0.02,5,Budget-Conscious
0.2772010906755661,0.25,5,Budget-Conscious
0.7817911924789708,0.14,2,High-Income Savers
0.7892448440312885,0.52,3,Affluent Moderates
0.5384736858728036,0.31,1,Mid-Market Moderates
0.9391600955920284,0.16,2,High-Income Savers
0.4410498278711823,0.41,1,Mid-Market Moderates
0.9726120416478043,0.77,6,Premium Customers
0.3700611662648573,0.88,7,High-Engagement Budget
0.3086685546443197,0.51,0,Budget Moderates
0.5152231357975302,0.4,1,Mid-Market Moderates
0.3406097676524156,0.29,5,Budget-Conscious
0.3779201364397233,0.87,7,High-Engagement Budget
0.4030393632812911,0.85,7,High-Engagement Budget
0.6651962900186341,0.2,2,High-Income Savers
0.8106740922442018,0.32,2,High-Income Savers
0.3669975891437775,0.78,7,High-Engagement Budget
0.4488245759946098,0.68,7,High-Engagement Budget
0.8204491140892964,0.31,2,High-Income Savers
0.523340036004927,0.72,4,Active Spenders
0.7656679335066904,0.5700000000000001,3,Affluent Moderates
0.6213534483666185,0.77,4,Active Spenders
0.3882583932538136,0.8300000000000001,7,High-Engagement Budget
0.4741806773558487,0.17,5,Budget-Conscious
0.3944118668870477,0.12,5,Budget-Conscious
0.5335045848379252,0.36,1,Mid-Market Moderates
0.4945255666564898,0.81,4,Active Spenders
0.7086706601956057,0.23,2,High-Income Savers
0.5361681072146715,0.7000000000000001,4,Active Spenders
0.8711771084464189,0.47,3,Affluent Moderates
0.7155242296314233,0.74,6,Premium Customers
0.544053396780612,0.2,5,Budget-Conscious
0.3958173223704296,0.79,7,High-Engagement Budget
0.647893922326213,0.44,1,Mid-Market Moderates
0.3889163780306778,0.3,5,Budget-Conscious
0.4799604156358238,0.61,1,Mid-Market Moderates
0.4539305378630759,0.52,1,Mid-Market Moderates
0.5074378599176729,0.04,5,Budget-Conscious
0.4400549548885636,0.12,5,Budget-Conscious
0.4344541884678956,0.5,1,Mid-Market Moderates
0.4854716961268384,0.08,5,Budget-Conscious
0.7919188941644646,0.27,2,High-Income Savers
0.7848179224525461,0.8300000000000001,6,Premium Customers
0.5980028846052617,0.42,1,Mid-Market Moderates
0.4940360259825028,0.8200000000000001,4,Active Spenders
0.6226115152599829,0.92,4,Active Spenders
0.4978365460536705,0.9,4,Active Spenders
0.6803931064250898,0.7000000000000001,4,Active Spenders
0.3704349016181161,0.1,5,Budget-Conscious
0.4084769494772969,0.66,7,High-Engagement Budget
0.598539800183183,0.97,4,Active Spenders
0.998410308779096,0.08,2,High-Income Savers
0.7536820828113321,0.58,3,Affluent Moderates
0.9205996610062428,0.14,2,High-Income Savers
0.6389137460915704,0.19,2,High-Income Savers
0.8151483887268783,0.13,2,High-Income Savers
0.8471948792992725,0.51,3,Affluent Moderates
0.6293334877404276,0.35,1,Mid-Market Moderates
0.9850874330171496,0.33,3,Affluent Moderates
0.5130596818512007,0.22,5,Budget-Conscious
0.8440681356396138,0.77,6,Premium Customers
0.9402707738953752,0.94,6,Premium Customers
0.8958489056397191,0.8,6,Premium Customers
0.8738406308231652,0.4,3,Affluent Moderates
0.4831924368597808,0.8300000000000001,4,Active Spenders
0.9952519818501478,0.86,6,Premium Customers
0.8038836893469632,0.15,2,High-Income Savers
0.8345826270963395,0.98,6,Premium Customers
0.7067440807689473,0.94,4,Active Spenders
0.7802962510659353,0.28,2,High-Income Savers
0.9036868203017254,0.81,6,Premium Customers
0.9972206723025256,0.38,3,Affluent Moderates
0.561303125690884,0.53,1,Mid-Market Moderates
0.4268163011780559,0.48,1,Mid-Market Moderates
0.7830492593723352,0.52,3,Affluent Moderates
0.6192321054460084,0.95,4,Active Spenders
0.8397833387726741,0.37,3,Affluent Moderates
0.4186151789192205,0.06,5,Budget-Conscious
0.5338309452872498,0.64,1,Mid-Market Moderates
0.5764946782191247,0.72,4,Active Spenders
0.8257972143556487,0.7000000000000001,6,Premium Customers
0.8278922378851843,0.58,3,Affluent Moderates
0.7628201753924221,0.84,6,Premium Customers
0.3114268268289344,1.0,7,High-Engagement Budget
0.494757177297946,0.49,1,Mid-Market Moderates
0.3069788497373324,0.45,0,Budget Moderates
0.9516354869613736,0.88,6,Premium Customers
0.4454399023024203,0.45,1,Mid-Market Moderates
0.4878246496889047,0.59,1,Mid-Market Moderates
0.4608683293503321,0.94,4,Active Spenders
0.3904429027130028,0.79,7,High-Engagement Budget
0.9518723614810448,0.33,3,Affluent Moderates
0.7232410750944865,0.33,2,High-Income Savers
0.5061429458768042,1.0,4,Active Spenders
0.9078979228736564,0.6900000000000001,6,Premium Customers
0.3155905544969311,0.37,0,Budget Moderates
0.5908176908419046,0.95,4,Active Spenders
0.7668365144704011,0.35,3,Affluent Moderates
0.7172823649552044,0.49,3,Affluent Moderates
0.3941012980723677,0.12,5,Budget-Conscious
0.5759998736669228,0.46,1,Mid-Market Moderates
0.6633276132523398,0.5700000000000001,1,Mid-Market Moderates
0.8261709497089075,0.66,3,Affluent Moderates
0.6694179203469949,0.68,4,Active Spenders
0.599208312716477,0.22,5,Budget-Conscious
0.6948582437596723,0.02,2,High-Income Savers
0.901823407413646,0.78,6,Premium Customers
0.4861454725383473,0.87,4,Active Spenders
0.3210018213018623,0.03,5,Budget-Conscious
0.2723635865960605,0.33,0,Budget Moderates
0.7296366871256066,0.71,6,Premium Customers
0.8323402149767862,0.84,6,Premium Customers
0.8668291450409003,0.65,3,Affluent Moderates
0.9100297935506964,0.27,2,High-Income Savers
0.3690978765515281,0.93,7,High-Engagement Budget
0.6000715887437228,0.26,2,High-Income Savers
0.6001400191605166,0.4,1,Mid-Market Moderates
0.3014359859770284,0.89,7,High-Engagement Budget
0.687446703233074,0.02,2,High-Income Savers
0.6400717992988514,0.07,2,High-Income Savers
0.5432848705612346,1.0,4,Active Spenders
0.3490372366744922,0.08,5,Budget-Conscious
0.7439754913830313,0.93,6,Premium Customers
0.8087001379136092,0.76,6,Premium Customers
0.3448893006411404,0.71,7,High-Engagement Budget
0.80651562845442,0.8300000000000001,6,Premium Customers
0.4883194542411067,0.75,4,Active Spenders
0.696647962352743,0.1,2,High-Income Savers
0.9794445555707624,0.49,3,Affluent Moderates
0.2832071757187825,0.32,0,Budget Moderates
0.546069462136924,0.62,1,Mid-Market Moderates
0.2660890437638835,0.34,0,Budget Moderates
0.7666733342457389,0.21,2,High-Income Savers
0.451309126512049,0.37,1,Mid-Market Moderates
0.5261246275806163,0.2,5,Budget-Conscious
0.4380599450451114,0.21,5,Budget-Conscious
0.3864212997568088,0.5,1,Mid-Market Moderates
0.3385200080010949,0.43,0,Budget Moderates
0.3150115278932906,0.79,7,High-Engagement Budget
0.3568225125543495,0.01,5,Budget-Conscious
0.9098139745438848,0.04,2,High-Income Savers
0.7660416688599492,0.61,3,Affluent Moderates
0.9148988808994916,0.42,3,Affluent Moderates
0.977996989061661,0.6900000000000001,6,Premium Customers
0.6305073325823534,0.71,4,Active Spenders
0.8348300293724404,0.86,6,Premium Customers
0.6217798225020266,0.52,1,Mid-Market Moderates
0.5261983218756251,0.11,5,Budget-Conscious
0.6356238222072493,0.27,2,High-Income Savers
0.9981892258940696,0.53,3,Affluent Moderates
0.6606693547538084,0.06,2,High-Income Savers
0.5358575383999915,0.49,1,Mid-Market Moderates
0.4890879804604841,0.74,4,Active Spenders
0.8551959741859412,0.59,3,Affluent Moderates
0.8623180014107193,0.27,2,High-Income Savers
0.28336509206523,0.56,0,Budget Moderates
0.7379430869487403,0.49,3,Affluent Moderates
0.6623853790518702,0.6900000000000001,4,Active Spenders
0.5313253392569509,0.27,5,Budget-Conscious
0.8878583385094803,0.37,3,Affluent Moderates
0.9311010980449956,0.1,2,High-Income Savers
0.5852063966648068,0.28,5,Budget-Conscious
0.6702759324960258,0.97,4,Active Spenders
0.7848600334782654,0.03,2,High-Income Savers
0.8827786960320886,0.31,2,High-Income Savers
0.966174318590965,0.85,6,Premium Customers
0.2652784065187867,0.46,0,Budget Moderates
0.3345563077052649,0.03,5,Budget-Conscious
0.4625790897701791,0.55,1,Mid-Market Moderates
0.2928506006085043,0.53,0,Budget Moderates
0.6217166559634476,0.26,2,High-Income Savers
0.6811247854969628,0.36,1,Mid-Market Moderates
0.3296661648436101,0.64,7,High-Engagement Budget
0.2721425037110341,0.17,5,Budget-Conscious
0.5622664154042132,0.49,1,Mid-Market Moderates
0.4895406739869666,0.67,1,Mid-Market Moderates
0.7587775169233685,0.71,6,Premium Customers
0.5336940844536621,0.9,4,Active Spenders
0.9030709465505806,0.78,6,Premium Customers
0.823091580953183,0.6,3,Affluent Moderates
0.757524713908219,0.22,2,High-Income Savers
0.5609662374851295,0.84,4,Active Spenders
0.9106983060839904,0.25,2,High-Income Savers
0.2855759209154936,0.29,0,Budget Moderates
0.5506016612799646,0.5700000000000001,1,Mid-Market Moderates
0.2645098802994093,0.54,0,Budget Moderates
0.4908145325149757,0.84,4,Active Spenders
0.8255813953488372,0.38,3,Affluent Moderates
0.3753408361144156,0.39,0,Budget Moderates
0.4525619295271984,0.73,7,High-Engagement Budget
0.9901723393727564,0.52,3,Affluent Moderates
0.433390885068483,0.35,1,Mid-Market Moderates
0.6580689989156411,0.25,2,High-Income Savers
0.7838335772263573,0.1,2,High-Income Savers
0.3064471980376262,0.7000000000000001,7,High-Engagement Budget
0.4027972248834051,0.29,5,Budget-Conscious
0.6198900902228726,0.42,1,Mid-Market Moderates
0.6063145483066104,0.93,4,Active Spenders
0.2855706570372788,0.07,5,Budget-Conscious
0.5923442155242296,0.24,5,Budget-Conscious
0.5653878951856569,0.02,5,Budget-Conscious
0.4463400254771705,0.23,5,Budget-Conscious
0.3524271742448966,0.79,7,High-Engagement Budget
0.8078210702517187,0.11,2,High-Income Savers
0.9380967921926158,0.17,2,High-Income Savers
0.8004726962636992,0.42,3,Affluent Moderates
0.6993588596334235,0.17,2,High-Income Savers
0.777574826028825,0.86,6,Premium Customers
0.9102035015317884,0.29,2,High-Income Savers
0.7821807194668744,0.29,2,High-Income Savers
0.3262867550296356,0.77,7,High-Engagement Budget
0.48141324602314,0.13,5,Budget-Conscious
0.8751039615947445,0.84,6,Premium Customers
0.7396591112468022,0.5,3,Affluent Moderates
0.7801488624759177,0.36,3,Affluent Moderates
0.7044227104761704,0.78,4,Active Spenders
0.9234105719730068,0.32,3,Affluent Moderates
0.6397085917020223,0.92,4,Active Spenders
0.9968153536799772,0.6900000000000001,6,Premium Customers
0.4253634707907398,0.26,5,Budget-Conscious
0.3028572330950551,0.84,7,High-Engagement Budget
0.860691463042311,0.51,3,Affluent Moderates
0.3994441344605051,0.5700000000000001,1,Mid-Market Moderates
0.8304241633065577,0.52,3,Affluent Moderates
0.9728331245328308,0.44,3,Affluent Moderates
0.98567698737722,0.51,3,Affluent Moderates
0.4301535999663111,0.36,1,Mid-Market Moderates
0.7896817459231263,0.37,3,Affluent Moderates
0.2813648183435628,0.73,7,High-Engagement Budget
0.7936085990714519,0.42,3,Affluent Moderates
0.813037573562698,0.71,6,Premium Customers
0.2981829092402118,0.12,5,Budget-Conscious
0.6183846210534073,0.48,1,Mid-Market Moderates
0.4194100245296724,0.09,5,Budget-Conscious
0.6146051564950993,0.28,2,High-Income Savers
0.9511933211913208,0.21,2,High-Income Savers
0.6458673292134713,1.0,4,Active Spenders
0.8914167201827619,0.55,3,Affluent Moderates
0.4904671165527914,0.25,5,Budget-Conscious
0.3992809542358428,0.4,1,Mid-Market Moderates
0.6283070314885194,0.58,1,Mid-Market Moderates
0.4292429490351311,0.36,1,Mid-Market Moderates
0.3546380030951603,0.75,7,High-Engagement Budget
0.5774632318106688,0.61,1,Mid-Market Moderates
0.8774727067914556,0.39,3,Affluent Moderates
0.657890027056334,0.34,1,Mid-Market Moderates
0.7726109888721614,0.8300000000000001,6,Premium Customers
0.7766747028540747,0.45,3,Affluent Moderates
0.61913735563814,0.6,1,Mid-Market Moderates
0.4492772695210923,0.5700000000000001,1,Mid-Market Moderates
0.9181888047838124,0.08,2,High-Income Savers
0.3726141471990903,0.68,7,High-Engagement Budget
0.3972806805141756,0.63,1,Mid-Market Moderates
0.4741806773558487,0.49,1,Mid-Market Moderates
0.975859854506406,0.54,3,Affluent Moderates
0.8849105667091286,0.6900000000000001,6,Premium Customers
0.9718593070630718,0.38,3,Affluent Moderates
0.9293429627212144,0.45,3,Affluent Moderates
0.4022761009401286,0.21,5,Budget-Conscious
0.8645814690431322,0.51,3,Affluent Moderates
0.5747523345299883,0.38,1,Mid-Market Moderates
0.6998378725509806,0.26,2,High-Income Savers
0.8664238264183519,0.32,2,High-Income Savers
0.9825291882047016,0.32,3,Affluent Moderates
0.5888121532420225,0.86,4,Active Spenders
0.6418036152315579,0.41,1,Mid-Market Moderates
0.7529819870087485,0.42,3,Affluent Moderates
0.6935054270584395,0.23,2,High-Income Savers
0.7516870729678797,0.23,2,High-Income Savers
0.7512764904671165,0.46,3,Affluent Moderates
0.816695968922063,0.16,2,High-Income Savers
0.8085685409582364,0.48,3,Affluent Moderates
0.7590091275648246,0.34,2,High-Income Savers
0.9167517660311412,0.22,2,High-Income Savers
0.3876425195026687,0.5,1,Mid-Market Moderates
0.8965384736858728,0.46,3,Affluent Moderates
0.744054449556255,0.1,2,High-Income Savers
0.8812311158369039,0.09,2,High-Income Savers
0.3068261972691,0.49,0,Budget Moderates
0.4200627454283217,0.77,7,High-Engagement Budget
0.7691473570067483,0.52,3,Affluent Moderates
0.3018149852085022,0.14,5,Budget-Conscious
0.5978449682588144,0.06,5,Budget-Conscious
0.6456567740848748,0.65,1,Mid-Market Moderates
0.7992462126396244,0.13,2,High-Income Savers
0.978554960152442,0.8,6,Premium Customers
0.4949572046701127,0.98,4,Active Spenders
0.8279554044237633,0.22,2,High-Income Savers
0.9264215103119374,0.42,3,Affluent Moderates
0.5369997999726278,0.37,1,Mid-Market Moderates
0.4100666406982008,0.67,7,High-Engagement Budget
0.4271005506016612,0.86,7,High-Engagement Budget
0.675134492088391,0.48,1,Mid-Market Moderates
0.3288607914767283,0.24,5,Budget-Conscious
0.436133365618453,0.75,7,High-Engagement Budget
0.312063756092939,0.38,0,Budget Moderates
0.7452598776674703,0.92,6,Premium Customers
0.9020286986640276,0.9,6,Premium Customers
0.4120248033941486,0.65,7,High-Engagement Budget
0.4034552096602692,0.61,1,Mid-Market Moderates
0.4122037752534557,0.66,7,High-Engagement Budget
0.4156937265099434,0.89,7,High-Engagement Budget
0.3449314116668596,0.73,7,High-Engagement Budget
0.495852063966648,0.71,4,Active Spenders
0.7143345931548527,0.48,3,Affluent Moderates
0.6873203701559161,0.31,2,High-Income Savers
0.801704443765989,0.68,6,Premium Customers
0.761062040068641,0.89,6,Premium Customers
0.4910566709128617,0.6,1,Mid-Market Moderates
0.4642319475296619,0.03,5,Budget-Conscious
0.3282659732384431,0.81,7,High-Engagement Budget
0.3913693452788276,0.39,0,Budget Moderates
0.7585406424036973,0.42,3,Affluent Moderates
0.3975175550338467,0.17,5,Budget-Conscious
0.8473791150367945,0.62,3,Affluent Moderates
0.5416741238274712,0.28,5,Budget-Conscious
0.9185520123806415,0.37,3,Affluent Moderates
0.8299083032414962,0.5700000000000001,3,Affluent Moderates
0.6231642224725489,0.08,2,High-Income Savers
0.6130470485434849,1.0,4,Active Spenders
0.8486003347826544,0.14,2,High-Income Savers
0.9085506437723057,0.5,3,Affluent Moderates
0.880194131828566,0.94,6,Premium Customers
0.3665975343994441,0.19,5,Budget-Conscious
0.6327971196058407,0.46,1,Mid-Market Moderates
0.949608893848632,0.23,2,High-Income Savers
0.5987082442860602,0.93,4,Active Spenders
0.5880646825355048,0.41,1,Mid-Market Moderates
0.3306136629222946,0.2,5,Budget-Conscious
0.3557434175202922,0.13,5,Budget-Conscious
0.5081905945024056,0.6,1,Mid-Market Moderates
0.4719961678966595,0.6900000000000001,4,Active Spenders
0.52101866571215,0.65,1,Mid-Market Moderates
0.6579742491077726,0.17,2,High-Income Savers
0.9953519955362312,0.12,2,High-Income Savers
0.8098055523387411,0.03,2,High-Income Savers
0.5596239485403266,0.16,5,Budget-Conscious
0.3311032035962816,0.6,0,Budget Moderates
0.7875709307589459,0.78,6,Premium Customers
0.3793571751923947,0.97,7,High-Engagement Budget
0.4283059787128764,0.87,7,High-Engagement Budget
0.6241643593333824,0.1,2,High-Income Savers
0.4336488151010138,0.97,4,Active Spenders
0.6041668859949256,0.55,1,Mid-Market Moderates
0.7664048764567782,0.81,6,Premium Customers
0.8531272700474801,0.86,6,Premium Customers
0.9099771547685472,0.11,2,High-Income Savers
0.9588785833850948,0.06,2,High-Income Savers
0.3761935843852316,0.81,7,High-Engagement Budget
0.4504195310937286,0.01,5,Budget-Conscious
0.2992567403960542,0.72,7,High-Engagement Budget
0.6147262256940423,0.73,4,Active Spenders
0.35679092928506,0.01,5,Budget-Conscious
0.3692715845326202,0.29,5,Budget-Conscious
0.9783496689020602,0.8200000000000001,6,Premium Customers
0.8558802783538799,0.17,2,High-Income Savers
0.4216261172581511,0.54,1,Mid-Market Moderates
0.9727699579942518,0.08,2,High-Income Savers
0.3100845378841315,0.37,0,Budget Moderates
0.7685841220377525,0.6900000000000001,6,Premium Customers
0.7115394738227336,0.39,3,Affluent Moderates
0.6013665027845916,0.64,1,Mid-Market Moderates
0.8275185025319254,0.52,3,Affluent Moderates
0.6781664859401813,0.23,2,High-Income Savers
0.2693315927442702,0.24,5,Budget-Conscious
0.6849253055681304,0.36,1,Mid-Market Moderates
0.4580310989924936,0.71,7,High-Engagement Budget
0.586285491698864,0.93,4,Active Spenders
0.4406076621011296,0.8200000000000001,7,High-Engagement Budget
0.4766862833861475,0.49,1,Mid-Market Moderates
0.9861507364165624,0.14,2,High-Income Savers
0.5852063966648068,0.48,1,Mid-Market Moderates
0.3393148536115468,0.63,7,High-Engagement Budget
0.5770158021624011,0.97,4,Active Spenders
0.9967521871413982,0.04,2,High-Income Savers
0.6366923894848768,0.79,4,Active Spenders
0.8890585027424805,0.54,3,Affluent Moderates
0.6865728994493984,0.52,1,Mid-Market Moderates
0.8479634055186499,0.56,3,Affluent Moderates
0.3684083085053744,0.02,5,Budget-Conscious
0.893290660827271,0.98,6,Premium Customers
0.9838030467327108,0.49,3,Affluent Moderates
0.5740838219966943,0.41,1,Mid-Market Moderates
0.992872708897007,0.3,2,High-Income Savers
0.5720519650057376,0.5700000000000001,1,Mid-Market Moderates
0.9348700348468736,0.34,3,Affluent Moderates
0.4598787202459283,0.03,5,Budget-Conscious
0.5049585732784486,0.23,5,Budget-Conscious
0.5115700043163801,0.87,4,Active Spenders
0.5465905860802004,0.17,5,Budget-Conscious
0.6804088980597345,0.11,2,High-Income Savers
0.7958141640435007,0.19,2,High-Income Savers
0.9344015496857464,0.62,3,Affluent Moderates
0.7374640740311832,0.51,3,Affluent Moderates
0.3554960152441913,0.97,7,High-Engagement Budget
0.701338077842231,0.61,3,Affluent Moderates
0.4630896859570256,0.05,5,Budget-Conscious
0.8651183846210534,0.23,2,High-Income Savers
0.2900870645456747,0.53,0,Budget Moderates
0.3559065977449545,0.4,0,Budget Moderates
0.9754282164927832,0.47,3,Affluent Moderates
0.8147799172518344,0.84,6,Premium Customers
0.577758008990704,0.96,4,Active Spenders
0.6030877909608683,0.51,1,Mid-Market Moderates
0.6879730910545654,0.93,4,Active Spenders
0.6101677071599271,0.24,2,High-Income Savers
0.3674923936959794,0.53,0,Budget Moderates
0.6219851137524082,0.74,4,Active Spenders
0.2978460210344573,0.65,7,High-Engagement Budget
0.9782549190941918,0.36,3,Affluent Moderates
0.9044658742775328,0.22,2,High-Income Savers
0.4104561676861044,0.95,7,High-Engagement Budget
0.3490582921873519,0.75,7,High-Engagement Budget
0.4307905292303157,0.11,5,Budget-Conscious
0.2932611831092676,0.05,5,Budget-Conscious
0.833456157158348,0.45,3,Affluent Moderates
0.390858749091981,0.45,1,Mid-Market Moderates
0.6296914314590417,0.03,2,High-Income Savers
0.6829513512375377,0.06,2,High-Income Savers
0.53168854685378,0.6,1,Mid-Market Moderates
0.4607419962731742,0.49,1,Mid-Market Moderates
0.7982566035352205,0.98,6,Premium Customers
0.3244496615326308,0.67,7,High-Engagement Budget
0.8667449229894617,0.59,3,Affluent Moderates
0.6612641729920936,0.62,1,Mid-Market Moderates
0.5477275837746217,0.22,5,Budget-Conscious
0.4397180666828092,0.56,1,Mid-Market Moderates
0.8750934338383147,0.13,2,High-Income Savers
0.5310726731026351,0.6,1,Mid-Market Moderates
0.2946297914451451,0.8300000000000001,7,High-Engagement Budget
0.7068440944550307,0.39,3,Affluent Moderates
0.5614926253066209,0.22,5,Budget-Conscious
0.7673523745354627,0.94,6,Premium Customers
0.6277648520323833,0.91,4,Active Spenders
0.7904976470464379,0.59,3,Affluent Moderates
0.2919978523376883,0.51,0,Budget Moderates
0.5233505637613568,0.8200000000000001,4,Active Spenders
0.7696895364628844,0.25,2,High-Income Savers
0.4434185730678935,0.31,5,Budget-Conscious
0.3002095023529535,0.75,7,High-Engagement Budget
0.4674902881446934,0.52,1,Mid-Market Moderates
0.8812784907408382,0.38,3,Affluent Moderates
0.5361049406760925,0.17,5,Budget-Conscious
0.6004032130712623,0.87,4,Active Spenders
0.7761535789107983,0.16,2,High-Income Savers
0.4371282386010717,0.76,7,High-Engagement Budget
0.8895427795382526,0.81,6,Premium Customers
0.3888268921010243,0.65,7,High-Engagement Budget
0.8726036194426605,0.51,3,Affluent Moderates
0.9381125838272604,0.38,3,Affluent Moderates
0.8559697642835336,0.98,6,Premium Customers
0.525714045079853,0.53,1,Mid-Market Moderates
0.750450061587375,0.77,6,Premium Customers
0.5865223662185352,0.8,4,Active Spenders
0.9887721477675891,0.38,3,Affluent Moderates
0.9049712065861644,0.5,3,Affluent Moderates
0.6069198943013254,0.87,4,Active Spenders
0.4954835924916041,0.27,5,Budget-Conscious
0.90737679893038,0.39,3,Affluent Moderates
0.7716687546716919,0.31,2,High-Income Savers
0.3371882468127217,0.44,0,Budget Moderates
0.8610915177866445,0.49,3,Affluent Moderates
0.4905197553349406,0.8300000000000001,4,Active Spenders
0.7883394569783233,0.01,2,High-Income Savers
0.6149367808226389,0.84,4,Active Spenders
0.5755840272879447,0.37,1,Mid-Market Moderates
0.5873803783675661,0.99,4,Active Spenders
0.8771937212460652,0.66,3,Affluent Moderates
0.9541832040173918,0.56,3,Affluent Moderates
0.3432417067598723,0.81,7,High-Engagement Budget
0.5903228862897028,0.21,5,Budget-Conscious
0.5524598102898292,0.5700000000000001,1,Mid-Market Moderates
0.7317264467769273,0.24,2,High-Income Savers
0.3575015528440733,0.8200000000000001,7,High-Engagement Budget
0.5262983355617085,0.88,4,Active Spenders
0.6902102392959036,0.4,3,Affluent Moderates
0.9116510680408898,0.37,3,Affluent Moderates
0.64594102350848,0.21,2,High-Income Savers
0.2936822933664607,0.3,0,Budget Moderates
0.3889584890563972,0.45,1,Mid-Market Moderates
0.4149041447777064,0.46,1,Mid-Market Moderates
0.8026098308189541,0.12,2,High-Income Savers
0.8012991251434407,0.87,6,Premium Customers
0.6194479244528198,0.18,2,High-Income Savers
0.7710160337730426,0.87,6,Premium Customers
0.3476844199732595,0.75,7,High-Engagement Budget
0.8544958783833577,0.72,6,Premium Customers
0.8738985334835293,0.71,6,Premium Customers
0.3547748639287481,0.81,7,High-Engagement Budget
0.3882636571320286,0.7000000000000001,7,High-Engagement Budget
0.8821101834987946,0.66,3,Affluent Moderates
0.6857096234221525,0.45,1,Mid-Market Moderates
0.4992577931716971,0.95,4,Active Spenders
0.8179856190847168,0.01,2,High-Income Savers
0.7264836240748733,0.16,2,High-Income Savers
0.780559444976681,0.77,6,Premium Customers
0.5318148799309379,0.28,5,Budget-Conscious
0.2783749355174919,0.24,5,Budget-Conscious
0.8065840588712139,0.15,2,High-Income Savers
0.3329981997536504,0.13,5,Budget-Conscious
0.4746281070041163,0.84,4,Active Spenders
0.8531483255603398,0.78,6,Premium Customers
0.2822596776400981,0.27,5,Budget-Conscious
0.9101929737753588,0.94,6,Premium Customers
0.4964679377177929,0.86,4,Active Spenders
0.7442228936591323,0.03,2,High-Income Savers
0.357280469959047,0.55,0,Budget Moderates
0.9293587543558592,0.62,3,Affluent Moderates
0.7124185414846241,0.56,3,Affluent Moderates
0.6791403034099402,0.5700000000000001,1,Mid-Market Moderates
0.5678619179466664,0.03,5,Budget-Conscious
0.418641498310295,0.04,5,Budget-Conscious
0.3336193373830103,0.59,0,Budget Moderates
0.8225230821059724,0.54,3,Affluent Moderates
0.357280469959047,0.41,0,Budget Moderates
0.8420310147704423,0.5700000000000001,3,Affluent Moderates
0.5458957541558318,0.5,1,Mid-Market Moderates
0.340641350921705,0.84,7,High-Engagement Budget
0.4759282849232,0.55,1,Mid-Market Moderates
0.9006495625717204,0.34,3,Affluent Moderates
0.9859507090443956,0.85,6,Premium Customers
0.7356690915598977,0.46,3,Affluent Moderates
0.4802025540337098,0.56,1,Mid-Market Moderates
0.7576194637160875,0.3,2,High-Income Savers
0.4862033751987114,0.14,5,Budget-Conscious
0.9213945066166948,0.25,2,High-Income Savers
0.775374524934991,0.93,6,Premium Customers
0.6279596155263352,0.49,1,Mid-Market Moderates
0.6648594018128796,0.44,1,Mid-Market Moderates
0.5297935506964111,0.49,1,Mid-Market Moderates
0.8878214913619759,0.16,2,High-Income Savers
0.5547653889479612,0.42,1,Mid-Market Moderates
0.922120921810353,0.43,3,Affluent Moderates
0.8686399191468306,0.12,2,High-Income Savers
0.3590596607956878,0.26,5,Budget-Conscious
0.3398991440934022,0.71,7,High-Engagement Budget
0.4873877477970669,0.99,4,Active Spenders
0.3670502279259267,0.97,7,High-Engagement Budget
0.8253392569509511,0.5700000000000001,3,Affluent Moderates
0.2992409487614094,0.41,0,Budget Moderates
0.7814227210039268,0.55,3,Affluent Moderates
0.7928400728520745,0.32,2,High-Income Savers
0.5277616937054544,0.1,5,Budget-Conscious
0.5784738964279322,0.56,1,Mid-Market Moderates
0.8037099813658711,0.24,2,High-Income Savers
0.7041226694179203,0.8300000000000001,4,Active Spenders
0.3036047038015728,0.99,7,High-Engagement Budget
0.5914388284712645,0.27,5,Budget-Conscious
0.3887110867802962,0.52,1,Mid-Market Moderates
0.4712802804594312,0.42,1,Mid-Market Moderates
0.6216219061555791,1.0,4,Active Spenders
0.7592723214755703,0.49,3,Affluent Moderates
0.741554107404171,0.9,6,Premium Customers
0.4047290681882783,0.26,5,Budget-Conscious
0.6139998105003842,0.88,4,Active Spenders
0.7528451261751608,0.03,2,High-Income Savers
0.7668365144704011,0.91,6,Premium Customers
0.3389832292840072,0.07,5,Budget-Conscious
0.5501384399970523,0.4,1,Mid-Market Moderates
0.3767041805720783,0.68,7,High-Engagement Budget
0.6459147041174055,0.64,1,Mid-Market Moderates
0.2723162116921263,0.96,7,High-Engagement Budget
0.726873151062777,0.63,3,Affluent Moderates
0.7752534557360481,0.51,3,Affluent Moderates
0.9861296809037026,0.62,3,Affluent Moderates
0.684156779348753,0.97,4,Active Spenders
0.7957720530177813,0.55,3,Affluent Moderates
0.3914114563045469,0.6,1,Mid-Market Moderates
0.4419183677766431,0.8200000000000001,4,Active Spenders
0.3312295366734395,0.24,5,Budget-Conscious
0.343504900670618,0.93,7,High-Engagement Budget
0.9925410845694672,0.04,2,High-Income Savers
0.8621337656731973,0.84,6,Premium Customers
0.5702990935601714,0.97,4,Active Spenders
0.8209070714939939,0.21,2,High-Income Savers
0.9636634486824512,0.29,2,High-Income Savers
0.6532683419836398,0.2,2,High-Income Savers
0.7198195542547927,0.03,2,High-Income Savers
0.9974943939697012,0.18,2,High-Income Savers
0.4008390621874572,0.48,1,Mid-Market Moderates
0.9767126027772222,0.54,3,Affluent Moderates
0.6293861265225767,0.19,2,High-Income Savers
0.4200890648193963,0.3,5,Budget-Conscious
0.9515723204227948,0.66,3,Affluent Moderates
0.4744965100487435,0.5,1,Mid-Market Moderates
0.9710855169654794,0.84,6,Premium Customers
0.3478844473454262,0.75,7,High-Engagement Budget
0.3160643035362733,0.8300000000000001,7,High-Engagement Budget
0.2765799530462063,0.23,5,Budget-Conscious
0.2654521144998789,0.23,5,Budget-Conscious
0.9381704864876246,0.45,3,Affluent Moderates
0.8481686967690315,0.98,6,Premium Customers
0.4630949498352406,0.38,1,Mid-Market Moderates
0.943023782201775,0.91,6,Premium Customers
0.8603387832019118,0.32,2,High-Income Savers
0.5693358038468421,0.18,5,Budget-Conscious
0.386468674660743,0.14,5,Budget-Conscious
0.7286523418994177,0.78,6,Premium Customers
0.2865181551159632,0.93,7,High-Engagement Budget
0.8866318548854053,0.81,6,Premium Customers
0.3754303220440692,0.54,1,Mid-Market Moderates
0.6450777474812343,0.14,2,High-Income Savers
0.7444597681788034,0.32,2,High-Income Savers
0.7485971764557255,0.32,2,High-Income Savers
0.3294661374714434,0.43,0,Budget Moderates
0.9081400612715425,0.8300000000000001,6,Premium Customers
0.8295240401318075,0.76,6,Premium Customers
0.7543821786139155,0.5700000000000001,3,Affluent Moderates
0.6307863181277438,0.38,1,Mid-Market Moderates
0.372698369250529,0.35,0,Budget Moderates
0.7317211828987125,0.47,3,Affluent Moderates
0.6667701896048933,0.53,1,Mid-Market Moderates
0.6459936622906293,0.1,2,High-Income Savers
0.4200574815501068,0.47,1,Mid-Market Moderates
0.5272037226146735,0.05,5,Budget-Conscious
0.5834798446103151,0.49,1,Mid-Market Moderates
0.562398012359586,0.6900000000000001,4,Active Spenders
0.6168265131017928,0.66,1,Mid-Market Moderates
0.4574204891195637,0.76,4,Active Spenders
0.7540031793824418,0.81,6,Premium Customers
0.768673607967406,0.33,2,High-Income Savers
0.8700506385084275,0.65,3,Affluent Moderates
0.6973901691810458,0.09,2,High-Income Savers
0.5075641929948308,0.74,4,Active Spenders
0.7973091054565361,0.41,3,Affluent Moderates
0.4030077800120016,0.79,7,High-Engagement Budget
0.6596481623801151,0.81,4,Active Spenders
0.5757261519997473,0.22,5,Budget-Conscious
0.710844641898365,0.12,2,High-Income Savers
0.3146956952003958,0.81,7,High-Engagement Budget
0.7405592344215524,0.63,3,Affluent Moderates
0.9629054502195036,0.55,3,Affluent Moderates
0.9239895985766472,0.44,3,Affluent Moderates
0.8998968279869877,0.06,2,High-Income Savers
0.4274111194163412,0.76,7,High-Engagement Budget
0.5521176582058597,0.08,5,Budget-Conscious
0.9729647214882036,0.18,2,High-Income Savers
0.7347742322633624,0.66,3,Affluent Moderates
0.6661069409498142,0.45,1,Mid-Market Moderates
0.9330750523755882,0.45,3,Affluent Moderates
0.8254971732973986,0.42,3,Affluent Moderates
0.96434775285039,0.52,3,Affluent Moderates
0.4470348574015391,0.46,1,Mid-Market Moderates
0.3669923252655626,0.47,0,Budget Moderates
0.3229652478760251,0.13,5,Budget-Conscious
0.8212386958215334,0.49,3,Affluent Moderates
0.9690168128270183,0.21,2,High-Income Savers
0.8336509206522997,0.98,6,Premium Customers
0.7145293566488046,0.67,6,Premium Customers
0.766968111425774,0.8200000000000001,6,Premium Customers
0.8280448903534168,0.23,2,High-Income Savers
0.463558171118153,0.73,4,Active Spenders
0.880257298367145,0.59,3,Affluent Moderates
0.8096950108962279,0.08,2,High-Income Savers
0.8983808310610926,0.78,6,Premium Customers
0.4924621263962437,0.13,5,Budget-Conscious
0.5366050091065093,0.18,5,Budget-Conscious
0.4147672839441186,0.44,1,Mid-Market Moderates
0.2941191952582985,0.94,7,High-Engagement Budget
0.9344068135639614,0.81,6,Premium Customers
0.5308621179740385,0.8300000000000001,4,Active Spenders
0.7531662227462705,0.63,3,Affluent Moderates
0.449782601829724,0.04,5,Budget-Conscious
0.6012033225599293,0.33,1,Mid-Market Moderates
0.8481160579868824,0.6900000000000001,6,Premium Customers
0.9826713129165044,0.86,6,Premium Customers
0.5542969037868339,0.75,4,Active Spenders
0.7022013538694768,0.47,3,Affluent Moderates
0.2970511754240054,0.23,5,Budget-Conscious
0.7183456683546169,0.72,6,Premium Customers
0.9998473475317676,0.2,2,High-Income Savers
0.8630970553865266,0.48,3,Affluent Moderates
0.2745217766641751,0.17,5,Budget-Conscious
0.7670523334772127,0.62,3,Affluent Moderates
0.9897880762630676,0.61,3,Affluent Moderates
0.673307926347816,0.03,2,High-Income Savers
0.91651489151147,0.31,2,High-Income Savers
0.760572499394654,0.1,2,High-Income Savers
0.4076347289629107,0.47,1,Mid-Market Moderates
0.453319927990146,0.44,1,Mid-Market Moderates
0.5266825986713971,0.49,1,Mid-Market Moderates
0.3510269826397296,0.5,0,Budget Moderates
0.3931906471411877,0.41,1,Mid-Market Moderates
0.3455262299051449,0.5,0,Budget Moderates
0.3222967353427311,0.81,7,High-Engagement Budget
0.7291997852337688,0.87,6,Premium Customers
0.8022413593439102,0.04,2,High-Income Savers
0.8304136355501279,0.84,6,Premium Customers
0.8757040437112447,0.59,3,Affluent Moderates
0.3538747407539979,0.3,5,Budget-Conscious
0.8483055576026193,0.88,6,Premium Customers
0.8982650257403645,0.7000000000000001,6,Premium Customers
0.8508848579279269,0.36,3,Affluent Moderates
0.5159442871129734,0.18,5,Budget-Conscious
0.2659627106867255,0.19,5,Budget-Conscious
0.9222735742785856,0.43,3,Affluent Moderates
0.5143914430395738,0.48,1,Mid-Market Moderates
0.7475391369345279,0.81,6,Premium Customers
0.8776832619200522,0.76,6,Premium Customers
0.3297872340425531,0.13,5,Budget-Conscious
0.9451082779748808,0.04,2,High-Income Savers
0.2730163074947098,0.81,7,High-Engagement Budget
0.4542568983124006,0.42,1,Mid-Market Moderates
0.3423152641940476,0.23,5,Budget-Conscious
0.3652236621853517,0.25,5,Budget-Conscious
0.372329897775485,0.63,7,High-Engagement Budget
0.9890721888258392,0.89,6,Premium Customers
0.6106151368081948,0.55,1,Mid-Market Moderates
0.4581679598260814,0.04,5,Budget-Conscious
0.9525303462579088,0.74,6,Premium Customers
0.6080674197521766,0.8200000000000001,4,Active Spenders
0.4052080811058355,0.46,1,Mid-Market Moderates
0.267394485561182,0.56,0,Budget Moderates
0.7703685767526082,0.43,3,Affluent Moderates
0.4269636897680735,0.61,1,Mid-Market Moderates
0.4242949035131123,0.2,5,Budget-Conscious
0.905118595176182,0.11,2,High-Income Savers
0.836988219440555,0.26,2,High-Income Savers
0.9336435512227989,0.96,6,Premium Customers
0.9877298998810364,0.03,2,High-Income Savers
0.4939675955657089,0.25,5,Budget-Conscious
0.6898891427247938,0.92,4,Active Spenders
0.7692105235453273,0.2,2,High-Income Savers
0.4446450566919683,0.79,7,High-Engagement Budget
0.7605514438817943,0.15,2,High-Income Savers
0.8350511122574668,0.78,6,Premium Customers
0.5089801762346426,0.28,5,Budget-Conscious
0.6817090759788181,0.93,4,Active Spenders
0.6027666943897586,0.39,1,Mid-Market Moderates
0.5758472211986904,0.17,5,Budget-Conscious
0.7844810342467916,0.96,6,Premium Customers
0.3487635150073168,0.13,5,Budget-Conscious
0.6226378346510575,0.6900000000000001,4,Active Spenders
0.6775821954583259,0.58,1,Mid-Market Moderates
0.9384705275458748,0.91,6,Premium Customers
0.758924905513386,0.74,6,Premium Customers
0.4341330918967858,0.31,5,Budget-Conscious
0.8370092749534146,0.84,6,Premium Customers
0.4009180203606809,0.8300000000000001,7,High-Engagement Budget
0.4099139882299683,0.49,1,Mid-Market Moderates
0.281048985650668,0.89,7,High-Engagement Budget
0.8890585027424805,0.41,3,Affluent Moderates
0.6786033878320191,0.07,2,High-Income Savers
0.9741701495994188,0.49,3,Affluent Moderates
0.695795214081927,0.76,4,Active Spenders
0.4319538463158116,0.46,1,Mid-Market Moderates
0.7033278238074684,0.58,3,Affluent Moderates
0.4992472654152673,0.64,1,Mid-Market Moderates
0.4025498226073041,0.05,5,Budget-Conscious
0.4982523924326487,0.09,5,Budget-Conscious
0.3207438912693315,0.3,0,Budget Moderates
0.4171991956794087,0.8200000000000001,7,High-Engagement Budget
0.661548422415699,0.36,1,Mid-Market Moderates
0.6736237590407108,0.56,1,Mid-Market Moderates
0.4005969237895712,0.62,1,Mid-Market Moderates
0.6039826502574036,0.96,4,Active Spenders
0.8316611746870624,0.92,6,Premium Customers
0.4936780822638887,0.44,1,Mid-Market Moderates
0.3957278364407761,0.41,1,Mid-Market Moderates
0.9225841430932652,0.81,6,Premium Customers
0.5225083432469706,1.0,4,Active Spenders
0.2768273553223072,0.03,5,Budget-Conscious
0.8999073557434175,0.75,6,Premium Customers
0.7110236137576721,0.6,3,Affluent Moderates
0.8796572162506447,0.34,3,Affluent Moderates
0.9719172097234358,0.12,2,High-Income Savers
0.9073294240264456,0.8,6,Premium Customers
0.6540684514723067,0.67,4,Active Spenders
0.4736016507522081,0.92,4,Active Spenders
0.3568856790929285,0.42,0,Budget Moderates
0.9268320928127006,0.7000000000000001,6,Premium Customers
0.8817890869276848,0.27,2,High-Income Savers
0.4101298072367798,0.11,5,Budget-Conscious
0.303225704570099,0.81,7,High-Engagement Budget
0.4546148420310147,0.7000000000000001,7,High-Engagement Budget
0.4941886784507353,0.39,1,Mid-Market Moderates
0.6900470590712413,0.62,3,Affluent Moderates
0.4591259856611957,0.14,5,Budget-Conscious
0.616273805889227,0.45,1,Mid-Market Moderates
0.7944508195858381,0.01,2,High-Income Savers
0.7863128638655815,1.0,6,Premium Customers
0.7298051312284839,0.94,6,Premium Customers
0.7816490677671681,0.42,3,Affluent Moderates
0.4456294019181572,0.66,1,Mid-Market Moderates
0.5875435585922284,0.99,4,Active Spenders
0.5724941307757904,0.6,1,Mid-Market Moderates
0.9801499152515608,0.73,6,Premium Customers
0.7751481781717497,0.59,3,Affluent Moderates
0.7000063166538578,0.67,4,Active Spenders
0.7848021308179014,0.39,3,Affluent Moderates
0.862460126122522,0.84,6,Premium Customers
0.6199637845178814,0.67,4,Active Spenders
0.6926421510311938,0.18,2,High-Income Savers
0.6522155663406571,0.91,4,Active Spenders
0.4727015275774579,0.88,4,Active Spenders
0.913103898428206,0.5700000000000001,3,Affluent Moderates
0.2931453777885395,0.04,5,Budget-Conscious
0.5499015654773811,0.72,4,Active Spenders
0.5285933864634108,0.19,5,Budget-Conscious
0.3313663975070273,0.47,0,Budget Moderates
0.6240538178908692,0.01,2,High-Income Savers
0.7404855401265436,0.49,3,Affluent Moderates
0.397743901797088,0.87,7,High-Engagement Budget
0.7754008443260656,0.5,3,Affluent Moderates
0.5888753197806015,0.3,1,Mid-Market Moderates
0.594207628412309,0.43,1,Mid-Market Moderates
0.6383347194879299,0.58,1,Mid-Market Moderates
0.7975775632454967,0.93,6,Premium Customers
0.5550654300062113,0.4,1,Mid-Market Moderates
0.4845294619263688,0.91,4,Active Spenders
0.5262825439270636,0.94,4,Active Spenders
0.4421815616873887,0.68,7,High-Engagement Budget
0.5837061913735564,0.95,4,Active Spenders
0.4341541474096455,0.95,4,Active Spenders
0.7352848284502089,0.2,2,High-Income Savers
0.9599945255666564,0.62,3,Affluent Moderates
0.6283280870013791,0.94,4,Active Spenders
0.2831334814237737,0.5700000000000001,0,Budget Moderates
0.4755440218135113,0.92,4,Active Spenders
0.622969458978597,0.94,4,Active Spenders
0.7234042553191489,0.87,6,Premium Customers
0.5631402191878888,0.53,1,Mid-Market Moderates
0.5186604482718687,0.52,1,Mid-Market Moderates
0.6360080853169381,0.24,2,High-Income Savers
0.3053365197342794,0.8300000000000001,7,High-Engagement Budget
0.5629244001810774,0.73,4,Active Spenders
0.6831566424879194,0.31,2,High-Income Savers
0.6396296335287986,0.9,4,Active Spenders
0.420715466326971,0.3,5,Budget-Conscious
0.5900228452314527,0.74,4,Active Spenders
0.7298682977670629,0.27,2,High-Income Savers
0.7727057386800299,0.9,6,Premium Customers
0.3949645740996136,0.3,5,Budget-Conscious
0.7894185520123806,0.78,6,Premium Customers
0.6572057228883952,0.39,1,Mid-Market Moderates
0.8150431111625801,0.42,3,Affluent Moderates
0.7668312505921863,0.55,3,Affluent Moderates
0.7230147283312452,0.89,6,Premium Customers
0.7193615968500953,0.48,3,Affluent Moderates
0.3333824628633391,0.99,7,High-Engagement Budget
0.3310610925705622,0.29,5,Budget-Conscious
0.8607177824333856,0.89,6,Premium Customers
0.7681788034152042,0.4,3,Affluent Moderates
0.6275753524166464,0.58,1,Mid-Market Moderates
0.6710339309589733,0.18,2,High-Income Savers
0.7166559634476296,0.98,6,Premium Customers
0.40006000821165,0.46,1,Mid-Market Moderates
0.4468243022729426,0.24,5,Budget-Conscious
0.4359122827334266,0.01,5,Budget-Conscious
0.2698263972964721,0.43,0,Budget Moderates
0.8399675745101961,0.42,3,Affluent Moderates
0.6852832492867444,0.88,4,Active Spenders
0.9314643056418246,0.5700000000000001,3,Affluent Moderates
0.4522092496867992,0.99,4,Active Spenders
0.3991651489151147,0.05,5,Budget-Conscious
0.6476938949540463,0.56,1,Mid-Market Moderates
0.8485950709044395,0.1,2,High-Income Savers
0.4300693779148725,0.27,5,Budget-Conscious
0.9108772779432974,0.03,2,High-Income Savers
0.6652489288007832,0.9,4,Active Spenders
0.6748555065430006,0.27,2,High-Income Savers
0.9546306336656596,0.73,6,Premium Customers
0.5154968574647056,0.7000000000000001,4,Active Spenders
0.7708002147662312,0.25,2,High-Income Savers
0.6618326718393043,0.41,1,Mid-Market Moderates
0.6985219029972523,0.7000000000000001,4,Active Spenders
0.6111099413603966,0.08,2,High-Income Savers
0.7146925368734669,0.42,3,Affluent Moderates
0.7180824744438712,0.45,3,Affluent Moderates
0.4252318738353669,0.8200000000000001,7,High-Engagement Budget
0.9610788844789286,0.6,3,Affluent Moderates
0.7557192036805036,0.48,3,Affluent Moderates
0.4522092496867992,0.85,4,Active Spenders
0.7359217577142135,0.99,6,Premium Customers
0.4067346057881604,0.24,5,Budget-Conscious
0.5578026466779664,0.65,1,Mid-Market Moderates
0.6614589364860455,0.19,2,High-Income Savers
0.5181972269889563,0.76,4,Active Spenders
0.9448819312116394,0.09,2,High-Income Savers
0.3188594228683925,0.14,5,Budget-Conscious
0.3983966226957373,0.19,5,Budget-Conscious
0.4493983387200354,0.45,1,Mid-Market Moderates
0.6771558213229179,0.19,2,High-Income Savers
0.9595628875530336,0.78,6,Premium Customers
0.6564161411561582,0.94,4,Active Spenders
0.6728973438470527,0.02,2,High-Income Savers
0.9415288407887394,0.97,6,Premium Customers
0.966674387021382,0.51,3,Affluent Moderates
0.5964289850190025,0.04,5,Budget-Conscious
0.4422078810784633,0.77,7,High-Engagement Budget
0.4514196679545622,0.35,1,Mid-Market Moderates
0.3322981039510669,0.45,0,Budget Moderates
0.3693873898533483,0.06,5,Budget-Conscious
0.8955593923378988,0.42,3,Affluent Moderates
0.8736879783549327,0.42,3,Affluent Moderates
0.7881446934843716,0.78,6,Premium Customers
0.7740638192594775,0.86,6,Premium Customers
0.5968658869108404,0.79,4,Active Spenders
0.5879225578237022,0.73,4,Active Spenders
0.9729226104624844,0.6,3,Affluent Moderates
0.4819027866971269,0.23,5,Budget-Conscious
0.4981155315990609,0.17,5,Budget-Conscious
0.8820049059344963,0.99,6,Premium Customers
0.6273963805573394,0.5700000000000001,1,Mid-Market Moderates
0.5064219314221946,0.67,1,Mid-Market Moderates
0.4492141029825133,0.06,5,Budget-Conscious
0.5892490551338604,0.07,5,Budget-Conscious
0.826444671376083,0.45,3,Affluent Moderates
0.6165212081653278,0.23,2,High-Income Savers
0.909319169991683,0.76,6,Premium Customers
0.8283133481423773,0.52,3,Affluent Moderates
0.8246128417572931,0.2,2,High-Income Savers
0.8740301304389021,0.93,6,Premium Customers
0.3567224988682662,0.15,5,Budget-Conscious
0.9019813237600934,0.34,3,Affluent Moderates
0.615721098676661,0.76,4,Active Spenders
0.5149230947392801,0.38,1,Mid-Market Moderates
0.616942318422521,0.8300000000000001,4,Active Spenders
0.4670112752271363,1.0,4,Active Spenders
0.9118774148041312,0.18,2,High-Income Savers
0.7340320254350595,0.36,3,Affluent Moderates
0.9436501837093496,0.93,6,Premium Customers
0.7172244622948403,0.9,6,Premium Customers
0.9190415530546284,0.56,3,Affluent Moderates
0.5286460252455599,0.19,5,Budget-Conscious
0.38482634465769,0.48,1,Mid-Market Moderates
0.517670839167465,0.25,5,Budget-Conscious
0.860691463042311,0.21,2,High-Income Savers
0.6116837040858223,0.16,2,High-Income Savers
0.5045585185341152,0.53,1,Mid-Market Moderates
0.8233284554728542,0.7000000000000001,6,Premium Customers
0.3836788192068388,0.36,0,Budget Moderates
0.561608430627349,0.79,4,Active Spenders
0.7623780096223693,0.42,3,Affluent Moderates
0.6963952961984271,0.53,3,Affluent Moderates
0.8966753345194606,0.03,2,High-Income Savers
0.8284449450977502,0.13,2,High-Income Savers
0.7936980850011054,0.18,2,High-Income Savers
0.7579300325307673,0.87,6,Premium Customers
0.682509185467485,0.59,1,Mid-Market Moderates
0.5517912977565351,0.36,1,Mid-Market Moderates
0.9552412435385894,0.59,3,Affluent Moderates
0.8029888300504279,0.56,3,Affluent Moderates
0.4492562140082327,0.09,5,Budget-Conscious
0.6465516333814101,0.32,1,Mid-Market Moderates
0.5674144882983987,0.17,5,Budget-Conscious
0.8030888437365112,0.11,2,High-Income Savers
0.4827765904808026,0.99,4,Active Spenders
0.5222925242401592,0.48,1,Mid-Market Moderates
0.3699453609441291,0.99,7,High-Engagement Budget
0.3686293913904008,0.86,7,High-Engagement Budget
0.537352479813027,0.24,5,Budget-Conscious
0.8746617958246917,0.87,6,Premium Customers
0.9626106730394686,0.27,2,High-Income Savers
0.9872140398159748,0.61,3,Affluent Moderates
0.9628159642898502,0.86,6,Premium Customers
0.918704664848874,0.3,2,High-Income Savers
0.6076515733731984,0.37,1,Mid-Market Moderates
0.4946150525861433,0.8,4,Active Spenders
0.9492930611557372,0.75,6,Premium Customers
0.5649352016591744,0.01,5,Budget-Conscious
0.6286912945982082,0.55,1,Mid-Market Moderates
0.3597387010854116,0.22,5,Budget-Conscious
0.5019897459652374,0.6,1,Mid-Market Moderates
0.6900575868276712,0.79,4,Active Spenders
0.5296566898628233,0.03,5,Budget-Conscious
0.6133523534799499,0.47,1,Mid-Market Moderates
0.7175508227441649,0.88,6,Premium Customers
0.905592344215524,0.51,3,Affluent Moderates
0.3729141882573404,0.22,5,Budget-Conscious
0.5314622000905387,0.96,4,Active Spenders
0.6739711750028952,0.39,1,Mid-Market Moderates
0.5110225609820291,0.75,4,Active Spenders
0.4855769736911366,0.47,1,Mid-Market Moderates
0.683851474412288,0.92,4,Active Spenders
0.494878246496889,0.53,1,Mid-Market Moderates
0.7309631844357649,0.93,6,Premium Customers
0.8911693179066609,0.46,3,Affluent Moderates
0.6269121037615674,0.4,1,Mid-Market Moderates
0.3587912030067272,0.23,5,Budget-Conscious
0.9533304557465758,0.32,3,Affluent Moderates
0.4619790076536789,0.59,1,Mid-Market Moderates
0.5397738637918873,0.54,1,Mid-Market Moderates
0.7338741090886121,0.13,2,High-Income Savers
0.4305957657363639,0.29,5,Budget-Conscious
0.5410635139545411,0.51,1,Mid-Market Moderates
0.8589543832313895,0.19,2,High-Income Savers
0.3754092665312095,0.22,5,Budget-Conscious
0.335219556360344,0.34,0,Budget Moderates
0.9984997947087496,0.37,3,Affluent Moderates
0.6401402297156453,0.36,1,Mid-Market Moderates
0.793171697179614,0.25,2,High-Income Savers
0.6556160316674913,0.46,1,Mid-Market Moderates
0.7836598692452651,0.99,6,Premium Customers
0.5638508427469022,0.44,1,Mid-Market Moderates
0.5749365702675102,0.43,1,Mid-Market Moderates
0.6363976123048417,0.07,2,High-Income Savers
0.5366418562540137,0.31,1,Mid-Market Moderates
0.753624180150968,0.58,3,Affluent Moderates
0.882326002505606,0.04,2,High-Income Savers
0.9569467400802216,0.59,3,Affluent Moderates
0.9814237737795698,0.41,3,Affluent Moderates
0.5379946729552465,0.24,5,Budget-Conscious
0.27543769147357,0.6900000000000001,7,High-Engagement Budget
0.4368597808121111,0.05,5,Budget-Conscious
0.7659995578342299,0.55,3,Affluent Moderates
0.5517597144872456,0.96,4,Active Spenders
0.3633391937844126,0.79,7,High-Engagement Budget
0.8684135723835893,0.89,6,Premium Customers
0.9400023161064144,0.51,3,Affluent Moderates
0.3811837409329697,0.52,1,Mid-Market Moderates
0.5903228862897028,0.24,5,Budget-Conscious
0.7623674818659395,0.43,3,Affluent Moderates
0.2719372124606525,0.79,7,High-Engagement Budget
0.8048996178424416,0.9,6,Premium Customers
0.6030088327876446,0.64,1,Mid-Market Moderates
0.7551296493204332,0.62,3,Affluent Moderates
0.911156263488688,0.92,6,Premium Customers
0.6378346510575131,0.97,4,Active Spenders
0.2973670081169002,0.15,5,Budget-Conscious
0.8233863581332181,0.39,3,Affluent Moderates
0.6941107730531546,0.94,4,Active Spenders
0.6216429616684388,0.36,1,Mid-Market Moderates
0.7879236105993451,0.3,2,High-Income Savers
0.472512027961721,0.28,5,Budget-Conscious
0.9353964226683652,0.49,3,Affluent Moderates
0.3407729478770779,0.67,7,High-Engagement Budget
0.4881404823817996,0.28,5,Budget-Conscious
0.7731426405718677,0.47,3,Affluent Moderates
0.3312821754555886,0.6,0,Budget Moderates
0.3536168107214671,0.17,5,Budget-Conscious
0.6093149588891111,0.35,1,Mid-Market Moderates
0.9815553707349426,0.21,2,High-Income Savers
0.5313306031351659,0.34,1,Mid-Market Moderates
0.4535989135355364,0.55,1,Mid-Market Moderates
0.9697221725078168,0.17,2,High-Income Savers
0.376593639129565,0.01,5,Budget-Conscious
0.9203154115826376,0.63,3,Affluent Moderates
0.6880204659584995,0.72,4,Active Spenders
0.3916693863370777,1.0,7,High-Engagement Budget
0.6845936812405908,0.46,1,Mid-Market Moderates
0.4669428448103424,0.81,4,Active Spenders
0.8567593460157705,0.52,3,Affluent Moderates
0.8149588891111414,0.77,6,Premium Customers
0.3013465000473749,0.66,7,High-Engagement Budget
0.5258719614263004,0.54,1,Mid-Market Moderates
0.8722825228715508,0.5,3,Affluent Moderates
0.5129912514344068,0.55,1,Mid-Market Moderates
0.4940991925210818,0.43,1,Mid-Market Moderates
0.7438228389147988,0.17,2,High-Income Savers
0.9054449556255066,0.09,2,High-Income Savers
0.3586701338077842,0.18,5,Budget-Conscious
0.6487519344752439,1.0,4,Active Spenders
0.6537420910229821,0.32,2,High-Income Savers
0.9932727636413404,0.87,6,Premium Customers
0.480134123616916,0.84,4,Active Spenders
0.8772253045153547,0.99,6,Premium Customers
0.2775485066377504,0.6,0,Budget Moderates
0.6657174139619105,0.86,4,Active Spenders
0.7304946992746375,0.17,2,High-Income Savers
0.3626864728857633,0.7000000000000001,7,High-Engagement Budget
0.6244064977312684,0.07,2,High-Income Savers
0.5751471253961068,0.77,4,Active Spenders
0.7896448987756219,0.8300000000000001,6,Premium Customers
0.704570099066188,0.85,4,Active Spenders
0.4297430174655479,0.95,4,Active Spenders
0.7012222725215029,0.01,2,High-Income Savers
0.9828871319233158,0.42,3,Affluent Moderates
0.4848031835935443,0.23,5,Budget-Conscious
0.3394359228104898,0.1,5,Budget-Conscious
0.3633339299061977,0.03,5,Budget-Conscious
0.9011443671239222,0.55,3,Affluent Moderates
0.964774126985798,0.34,3,Affluent Moderates
0.5269089454346384,0.74,4,Active Spenders
0.865565814269321,0.26,2,High-Income Savers
0.9075294513986124,0.6,3,Affluent Moderates
0.4462768589385916,0.14,5,Budget-Conscious
0.979765652141872,0.61,3,Affluent Moderates
0.2988935327992251,0.1,5,Budget-Conscious
0.7222356743554381,0.04,2,High-Income Savers
0.7735269036815564,0.92,6,Premium Customers
0.917362375904071,0.04,2,High-Income Savers
0.5143072209881352,0.41,1,Mid-Market Moderates
0.9947887605672356,0.6900000000000001,6,Premium Customers
0.6276543105898702,0.55,1,Mid-Market Moderates
0.4628159642898501,0.19,5,Budget-Conscious
0.6767926137260888,0.97,4,Active Spenders
0.6968006148209754,0.96,4,Active Spenders
0.7114868350405845,0.75,6,Premium Customers
0.8695610978344405,0.1,2,High-Income Savers
0.6635644877720109,0.92,4,Active Spenders
0.4704117405539705,0.55,1,Mid-Market Moderates
0.500973817469759,0.77,4,Active Spenders
0.5052007116763346,0.49,1,Mid-Market Moderates
0.8715561076778927,0.59,3,Affluent Moderates
0.95216713866108,0.59,3,Affluent Moderates
0.7512606988324718,0.86,6,Premium Customers
0.5972396222640993,0.54,1,Mid-Market Moderates
0.5813111267857707,0.2,5,Budget-Conscious
0.7686104414288271,0.38,3,Affluent Moderates
0.5320359628159642,0.67,1,Mid-Market Moderates
0.3296082621832461,0.1,5,Budget-Conscious
0.505479697221725,0.37,1,Mid-Market Moderates
0.9808394832977144,0.37,3,Affluent Moderates
0.8605019634265741,0.52,3,Affluent Moderates
0.4727962773853263,0.59,1,Mid-Market Moderates
0.3652499815764262,0.33,0,Budget Moderates
0.7092970617031804,0.76,6,Premium Customers
0.7891343025887753,0.94,6,Premium Customers
0.547959194416078,0.48,1,Mid-Market Moderates
0.4219524777074757,0.1,5,Budget-Conscious
0.653378883426153,0.91,4,Active Spenders
0.8960489330118858,0.31,2,High-Income Savers
0.2805962921241854,0.98,7,High-Engagement Budget
0.5470906545106172,0.31,1,Mid-Market Moderates
0.449540463431838,0.1,5,Budget-Conscious
0.2832598145009317,0.32,0,Budget Moderates
0.3198911429985155,0.5,0,Budget Moderates
0.2968722035646983,0.75,7,High-Engagement Budget
0.9007443123795889,0.91,6,Premium Customers
0.4200890648193963,0.73,7,High-Engagement Budget
0.7905660774632318,0.35,3,Affluent Moderates
0.6814353543116426,0.14,2,High-Income Savers
0.6148894059187047,0.72,4,Active Spenders
0.5039321170265405,0.39,1,Mid-Market Moderates
0.4034973206859886,0.48,1,Mid-Market Moderates
0.4542147872866813,0.96,4,Active Spenders
0.9272163559223894,0.19,2,High-Income Savers
0.7493183277711687,0.97,6,Premium Customers
0.98262393801257,0.51,3,Affluent Moderates
0.6923105267036541,0.62,3,Affluent Moderates
0.2643677555876067,0.15,5,Budget-Conscious
0.3911482623938012,0.23,5,Budget-Conscious
0.82053860001895,0.22,2,High-Income Savers
0.8859264952046069,0.16,2,High-Income Savers
0.961963216019034,0.58,3,Affluent Moderates
0.2756903576278859,0.73,7,High-Engagement Budget
0.453504163727668,0.17,5,Budget-Conscious
0.8612336424984471,0.51,3,Affluent Moderates
0.3408676976849463,0.17,5,Budget-Conscious
0.9751702864602524,0.58,3,Affluent Moderates
0.4141040352890395,0.75,7,High-Engagement Budget
0.8660132439175887,0.47,3,Affluent Moderates
0.4849874193310663,0.49,1,Mid-Market Moderates
0.543205912388011,0.68,4,Active Spenders
0.8509743438575805,0.36,3,Affluent Moderates
0.3002463495004579,0.34,0,Budget Moderates
0.2882183877793803,0.04,5,Budget-Conscious
0.7186825565603714,0.76,6,Premium Customers
0.6360765157337319,0.79,4,Active Spenders
0.6733921483992547,0.48,1,Mid-Market Moderates
0.8644024971838251,0.77,6,Premium Customers
0.7658837525135018,0.66,3,Affluent Moderates
0.6801720235400633,0.6900000000000001,4,Active Spenders
0.8023676924210681,0.76,6,Premium Customers
0.4698116584374703,0.31,5,Budget-Conscious
0.7761430511543684,0.23,2,High-Income Savers
0.3919852190299725,0.33,5,Budget-Conscious
0.6706707233621443,0.37,1,Mid-Market Moderates
0.4805394422394643,0.44,1,Mid-Market Moderates
0.4885510648825628,0.97,4,Active Spenders
0.895733100318991,0.18,2,High-Income Savers
0.7939139040079168,0.75,6,Premium Customers
0.5044848242391063,0.3,5,Budget-Conscious
0.316753871582427,0.6,0,Budget Moderates
0.8054996999589418,0.91,6,Premium Customers
0.6151262804383758,0.67,4,Active Spenders
0.6472517291839935,0.47,1,Mid-Market Moderates
0.7446861149420446,0.45,3,Affluent Moderates
0.4008706454567467,0.14,5,Budget-Conscious
0.5693884426289914,0.24,5,Budget-Conscious
0.7344162885447482,0.39,3,Affluent Moderates
0.9613473422678892,0.52,3,Affluent Moderates
0.9324118037205092,0.78,6,Premium Customers
0.9564624632844494,0.54,3,Affluent Moderates
0.3259235474328066,0.16,5,Budget-Conscious
0.7403539431711708,0.36,3,Affluent Moderates
0.9305641824670744,0.4,3,Affluent Moderates
0.3144693484371545,0.67,7,High-Engagement Budget
0.8241496204743807,0.89,6,Premium Customers
0.5806531420089065,0.21,5,Budget-Conscious
0.5846958004779601,0.55,1,Mid-Market Moderates
0.8966121679808816,0.96,6,Premium Customers
0.965074168044048,0.39,3,Affluent Moderates
0.4430448377146346,0.46,1,Mid-Market Moderates
0.9728436522892606,0.5,3,Affluent Moderates
0.6451198585069535,0.74,4,Active Spenders
0.9199574678640234,0.66,3,Affluent Moderates
0.9070135913335508,0.8200000000000001,6,Premium Customers
0.620716519102614,0.04,2,High-Income Savers
0.7100024213839788,0.61,3,Affluent Moderates
0.4066819670060113,0.11,5,Budget-Conscious
0.8949593102213986,0.38,3,Affluent Moderates
0.9310958341667808,0.94,6,Premium Customers
0.5617031804352174,0.93,4,Active Spenders
0.8881373240548707,0.31,2,High-Income Savers
0.4749492035752261,0.68,1,Mid-Market Moderates
0.4709749755229663,0.85,4,Active Spenders
0.6943634392074705,0.42,3,Affluent Moderates
0.7375061850569025,0.63,3,Affluent Moderates
0.8969806394559255,0.44,3,Affluent Moderates
0.2706475622979987,0.46,0,Budget Moderates
0.2771326602587722,0.02,5,Budget-Conscious
0.6604640635034268,0.48,1,Mid-Market Moderates
0.5587764641477254,0.62,1,Mid-Market Moderates
0.656853043047996,0.28,2,High-Income Savers
0.5341467779801446,0.14,5,Budget-Conscious
0.7440965605819744,0.65,3,Affluent Moderates
0.3031783296661648,0.96,7,High-Engagement Budget
0.4131565372103551,0.81,7,High-Engagement Budget
0.5945918915219978,0.71,4,Active Spenders
0.4336224957099392,0.37,1,Mid-Market Moderates
0.4332961352606146,0.53,1,Mid-Market Moderates
0.4908724351753397,0.51,1,Mid-Market Moderates
0.998294503458368,0.6,3,Affluent Moderates
0.6045985240085485,0.53,1,Mid-Market Moderates
0.3271552949350964,0.18,5,Budget-Conscious
0.7114605156495099,0.12,2,High-Income Savers
0.6646330550496383,0.55,1,Mid-Market Moderates
0.6477939086401296,0.41,1,Mid-Market Moderates
0.9568309347594932,0.4,3,Affluent Moderates
0.9043026940528704,0.65,3,Affluent Moderates
0.8229494562413804,0.27,2,High-Income Savers
0.3446945371471885,0.84,7,High-Engagement Budget
0.7667049175150283,0.22,2,High-Income Savers
0.4822186193900217,0.43,1,Mid-Market Moderates
0.2789960731468516,0.73,7,High-Engagement Budget
0.6090254455872909,0.61,1,Mid-Market Moderates
0.7875235558550117,0.44,3,Affluent Moderates
0.8698769305273353,0.07,2,High-Income Savers
0.2653942118395149,0.49,0,Budget Moderates
0.5449745754682219,0.9,4,Active Spenders
0.9688694242370008,0.98,6,Premium Customers
0.3998494530830535,0.7000000000000001,7,High-Engagement Budget
0.9167728215440007,0.28,2,High-Income Savers
0.5540495015107331,0.54,1,Mid-Market Moderates
0.2729847242254203,0.04,5,Budget-Conscious
0.9749649952098708,0.8300000000000001,6,Premium Customers
0.9986050722730478,0.18,2,High-Income Savers
0.7088601598113425,0.66,3,Affluent Moderates
0.480865802688789,0.09,5,Budget-Conscious
0.8139166412245886,0.21,2,High-Income Savers
0.5988556328760778,0.88,4,Active Spenders
0.8446892732689736,0.61,3,Affluent Moderates
0.5233242443702822,0.27,5,Budget-Conscious
0.2959089138513691,0.34,0,Budget Moderates
0.2928769199995789,0.63,7,High-Engagement Budget
0.3290134439449609,0.99,7,High-Engagement Budget
0.7968564119300535,0.38,3,Affluent Moderates
0.8241864676218851,0.96,6,Premium Customers
0.321086043353301,0.35,0,Budget Moderates
0.571178161222062,0.36,1,Mid-Market Moderates
0.450272142503711,0.49,1,Mid-Market Moderates
0.3890795582553402,0.47,1,Mid-Market Moderates
0.7837967300788529,0.77,6,Premium Customers
0.8032783433522481,0.91,6,Premium Customers
0.3105635508016886,0.22,5,Budget-Conscious
0.7039910724625474,0.37,3,Affluent Moderates
0.5959604998578752,0.41,1,Mid-Market Moderates
0.3169328434417341,0.46,0,Budget Moderates
0.7658469053659974,0.72,6,Premium Customers
0.3231652752481918,0.65,7,High-Engagement Budget
0.7014222998936697,0.55,3,Affluent Moderates
0.9855769736911366,0.14,2,High-Income Savers
0.7662259045974712,0.6,3,Affluent Moderates
0.8728036468148272,0.38,3,Affluent Moderates
0.6589375388211018,0.3,2,High-Income Savers
0.2990356575110278,0.96,7,High-Engagement Budget
0.3654131618010885,0.68,7,High-Engagement Budget
0.3720982871340288,0.54,1,Mid-Market Moderates
0.2895712044806131,0.53,0,Budget Moderates
0.4629844083927274,0.79,4,Active Spenders
0.8088475265036268,0.24,2,High-Income Savers
0.5500436901891838,0.28,5,Budget-Conscious
0.9708854895933128,0.44,3,Affluent Moderates
0.7936770294882457,0.35,3,Affluent Moderates
0.4670586501310705,0.81,4,Active Spenders
0.7995936286018086,0.18,2,High-Income Savers
0.2716371714024024,0.04,5,Budget-Conscious
0.828092265257351,0.75,6,Premium Customers
0.6606588269973785,0.15,2,High-Income Savers
0.9799077768536748,0.54,3,Affluent Moderates
0.8916009559202838,0.45,3,Affluent Moderates
0.5800530598924063,0.47,1,Mid-Market Moderates
0.427421647172771,0.8,7,High-Engagement Budget
0.3077210565656353,0.67,7,High-Engagement Budget
0.9142408961226272,0.89,6,Premium Customers
0.8579226631012664,0.16,2,High-Income Savers
0.4973312137450388,0.01,5,Budget-Conscious
0.8880688936380767,0.8,6,Premium Customers
0.7905976607325212,0.8300000000000001,6,Premium Customers
0.4833450893280133,0.74,4,Active Spenders
0.9111299440976132,0.24,2,High-Income Savers
0.5405581816459094,0.94,4,Active Spenders
0.8254392706370345,0.77,6,Premium Customers
0.2709212839651742,0.48,0,Budget Moderates
0.6004558518534115,0.37,1,Mid-Market Moderates
0.8192594776127259,0.81,6,Premium Customers
0.6841515154705381,0.61,1,Mid-Market Moderates
0.5482855548654026,0.77,4,Active Spenders
0.6579584574731279,0.66,4,Active Spenders
0.9497983934643688,0.5,3,Affluent Moderates
0.7087496183688294,0.96,4,Active Spenders
0.6847726530998979,0.67,4,Active Spenders
0.7859917672944718,0.27,2,High-Income Savers
0.6610957288892164,0.79,4,Active Spenders
0.9108983334561572,0.17,2,High-Income Savers
0.322665206817775,0.91,7,High-Engagement Budget
0.700058955436007,0.55,3,Affluent Moderates
0.3806468253550485,0.36,0,Budget Moderates
0.4468243022729426,0.09,5,Budget-Conscious
0.6644488193121164,0.95,4,Active Spenders
0.2695053007253624,0.29,0,Budget Moderates
0.2875709307589459,0.7000000000000001,7,High-Engagement Budget
0.6938317875077642,0.16,2,High-Income Savers
0.7289523829576678,0.59,3,Affluent Moderates
0.3899533620390158,0.87,7,High-Engagement Budget
0.5917967721898786,0.54,1,Mid-Market Moderates
0.8634760546180004,0.53,3,Affluent Moderates
0.2818912061650541,0.97,7,High-Engagement Budget
0.7482444966153263,0.78,6,Premium Customers
0.9492035752260836,0.41,3,Affluent Moderates
0.7846705338625285,0.78,6,Premium Customers
0.9707012538557908,0.38,3,Affluent Moderates
0.3111794245528335,0.45,0,Budget Moderates
0.920052217671892,0.94,6,Premium Customers
0.3741354080032004,0.02,5,Budget-Conscious
0.2991830461010454,0.04,5,Budget-Conscious
0.7093181172160401,0.47,3,Affluent Moderates
0.5942234200469537,0.8,4,Active Spenders
0.3849368861002031,0.74,7,High-Engagement Budget
0.804136355501279,0.17,2,High-Income Savers
0.7402960405108067,0.19,2,High-Income Savers
0.7262730689462769,0.5,3,Affluent Moderates
0.6674123827471128,0.34,1,Mid-Market Moderates
0.3954488508953857,0.89,7,High-Engagement Budget
0.5354311642645836,0.11,5,Budget-Conscious
0.3666501731815932,0.3,5,Budget-Conscious
0.5576289386968742,0.46,1,Mid-Market Moderates
0.3927221619800604,0.6900000000000001,7,High-Engagement Budget
0.8000305304936465,0.29,2,High-Income Savers
0.404750123701138,0.64,1,Mid-Market Moderates
0.4611262593828629,0.25,5,Budget-Conscious
0.9596944845084064,0.46,3,Affluent Moderates
0.8331666438565277,0.92,6,Premium Customers
0.3153326244644003,0.79,7,High-Engagement Budget
0.6745817848758251,0.42,1,Mid-Market Moderates
0.7506921999852612,0.58,3,Affluent Moderates
0.9483560908334824,0.09,2,High-Income Savers
0.3579910935180603,0.17,5,Budget-Conscious
0.8747670733889901,0.65,3,Affluent Moderates
0.6976586269700064,0.44,3,Affluent Moderates
0.7701474938675819,0.49,3,Affluent Moderates
0.3340141282491288,0.38,0,Budget Moderates
0.5817585564340383,0.06,5,Budget-Conscious
0.351248065524756,0.5,0,Budget Moderates
0.8982176508364302,0.64,3,Affluent Moderates
0.682382852390327,1.0,4,Active Spenders
0.7031856990956658,0.74,4,Active Spenders
0.6644330276774716,0.47,1,Mid-Market Moderates
0.7831387453019887,0.21,2,High-Income Savers
0.7506395612031119,0.64,3,Affluent Moderates
0.5390895596239486,0.38,1,Mid-Market Moderates
0.361970585448535,0.6900000000000001,7,High-Engagement Budget
0.3027888026782612,0.75,7,High-Engagement Budget
0.7855653931590638,0.8,6,Premium Customers
0.9729963047574932,0.24,2,High-Income Savers
0.6930211502626675,0.45,3,Affluent Moderates
0.9528988177329528,0.39,3,Affluent Moderates
0.5353258867002852,0.87,4,Active Spenders
0.8030572604672218,0.32,2,High-Income Savers
0.7501131733816206,0.97,6,Premium Customers
0.8181751187004537,0.21,2,High-Income Savers
0.5713623969595839,0.49,1,Mid-Market Moderates
0.5607609462347479,0.46,1,Mid-Market Moderates
0.6546106309284428,0.51,1,Mid-Market Moderates
0.7736321812458546,0.9,6,Premium Customers
0.9589522776801036,0.96,6,Premium Customers
0.60237190352364,0.34,1,Mid-Market Moderates
0.7064808868582017,0.32,2,High-Income Savers
0.6083990440797161,0.73,4,Active Spenders
0.6528998705085959,0.88,4,Active Spenders
0.3573857475233453,0.42,0,Budget Moderates
0.5637560929390337,0.89,4,Active Spenders
0.738327350058429,0.88,6,Premium Customers
0.5487540400265299,0.12,5,Budget-Conscious
0.8886531841199322,0.36,3,Affluent Moderates
0.8061366292229463,0.59,3,Affluent Moderates
0.6788297345952604,0.43,1,Mid-Market Moderates
0.6708181119521619,0.8200000000000001,4,Active Spenders
0.6630802109762388,1.0,4,Active Spenders
0.5505437586196006,0.85,4,Active Spenders
0.8702296103677345,0.93,6,Premium Customers
0.4575626138313663,0.76,4,Active Spenders
0.7885131649594155,0.19,2,High-Income Savers
0.7216461199953678,0.68,6,Premium Customers
0.2915925337151399,0.41,0,Budget Moderates
0.8086474991314601,0.51,3,Affluent Moderates
0.3897901818143535,0.44,1,Mid-Market Moderates
0.358438523166328,0.61,7,High-Engagement Budget
0.3118532009643425,0.8,7,High-Engagement Budget
0.6261067303946856,0.77,4,Active Spenders
0.3963331824354911,0.55,1,Mid-Market Moderates
0.878978175960921,0.6900000000000001,6,Premium Customers
0.6813774516512786,0.96,4,Active Spenders
0.9537252466126944,0.24,2,High-Income Savers
0.9225157126764716,1.0,6,Premium Customers
0.28488635286934,0.89,7,High-Engagement Budget
0.9705907124132775,0.4,3,Affluent Moderates
0.3850948024466505,0.32,5,Budget-Conscious
0.4788076263067577,0.14,5,Budget-Conscious
0.9585995978397044,0.04,2,High-Income Savers
0.5822375693515954,0.52,1,Mid-Market Moderates
